"REF_DATE","GEO","DGUID","North American Industry Classification System (NAICS)","Statistics","UOM","UOM_ID","SCALAR_FACTOR","SCALAR_ID","VECTOR","COORDINATE","VALUE","STATUS","SYMBOL","TERMINATED","DECIMALS"
"2024-01","Canada","2016A000011124","Total, all industries","Job vacancies","Number","223","units","0","v1446283287","1.1.1","662905","A","","","0"
"2024-02","Canada","2016A000011124","Total, all industries","Job vacancies","Number","223","units","0","v1446283287","1.1.1","659070","A","","","0"
"2024-03","Canada","2016A000011124","Total, all industries","Job vacancies","Number","223","units","0","v1446283287","1.1.1","602470","A","","","0"
"2024-04","Canada","2016A000011124","Total, all industries","Job vacancies","Number","223","units","0","v1446283287","1.1.1","592915","A","","","0"
"2024-05","Canada","2016A000011124","Total, all industries","Job vacancies","Number","223","units","0","v1446283287","1.1.1","571315","A","","","0"
"2024-06","Canada","2016A000011124","Total, all industries","Job vacancies","Number","223","units","0","v1446283287","1.1.1","552500","A","","","0"
"2024-07","Canada","2016A000011124","Total, all industries","Job vacancies","Number","223","units","0","v1446283287","1.1.1","544480","A","","","0"
"2024-08","Canada","2016A000011124","Total, all industries","Job vacancies","Number","223","units","0","v1446283287","1.1.1","528595","A","","","0"
"2024-09","Canada","2016A000011124","Total, all industries","Job vacancies","Number","223","units","0","v1446283287","1.1.1","528510","A","","","0"
"2024-10","Canada","2016A000011124","Total, all industries","Job vacancies","Number","223","units","0","v1446283287","1.1.1","514220","A","","","0"
"2024-11","Canada","2016A000011124","Total, all industries","Job vacancies","Number","223","units","0","v1446283287","1.1.1","518170","A","","","0"
"2024-01","Canada","2016A000011124","Total, all industries","Payroll employees","Number","223","units","0","v1446283288","1.1.2","17182760","A","","","0"
"2024-02","Canada","2016A000011124","Total, all industries","Payroll employees","Number","223","units","0","v1446283288","1.1.2","17235150","A","","","0"
"2024-03","Canada","2016A000011124","Total, all industries","Payroll employees","Number","223","units","0","v1446283288","1.1.2","17241295","A","","","0"
"2024-04","Canada","2016A000011124","Total, all industries","Payroll employees","Number","223","units","0","v1446283288","1.1.2","17266410","A","","","0"
"2024-05","Canada","2016A000011124","Total, all industries","Payroll employees","Number","223","units","0","v1446283288","1.1.2","17269645","A","","","0"
"2024-06","Canada","2016A000011124","Total, all industries","Payroll employees","Number","223","units","0","v1446283288","1.1.2","17320190","A","","","0"
"2024-07","Canada","2016A000011124","Total, all industries","Payroll employees","Number","223","units","0","v1446283288","1.1.2","17260725","A","","","0"
"2024-08","Canada","2016A000011124","Total, all industries","Payroll employees","Number","223","units","0","v1446283288","1.1.2","17278440","A","","","0"
"2024-09","Canada","2016A000011124","Total, all industries","Payroll employees","Number","223","units","0","v1446283288","1.1.2","17319810","A","","","0"
"2024-10","Canada","2016A000011124","Total, all industries","Payroll employees","Number","223","units","0","v1446283288","1.1.2","17270320","A","","","0"
"2024-11","Canada","2016A000011124","Total, all industries","Payroll employees","Number","223","units","0","v1446283288","1.1.2","17301515","A","","","0"
"2024-01","Canada","2016A000011124","Total, all industries","Job vacancy rate","Percent","239","units","0","v1446283289","1.1.3","3.7","A","","","1"
"2024-02","Canada","2016A000011124","Total, all industries","Job vacancy rate","Percent","239","units","0","v1446283289","1.1.3","3.7","A","","","1"
"2024-03","Canada","2016A000011124","Total, all industries","Job vacancy rate","Percent","239","units","0","v1446283289","1.1.3","3.4","A","","","1"
"2024-04","Canada","2016A000011124","Total, all industries","Job vacancy rate","Percent","239","units","0","v1446283289","1.1.3","3.3","A","","","1"
"2024-05","Canada","2016A000011124","Total, all industries","Job vacancy rate","Percent","239","units","0","v1446283289","1.1.3","3.2","A","","","1"
"2024-06","Canada","2016A000011124","Total, all industries","Job vacancy rate","Percent","239","units","0","v1446283289","1.1.3","3.1","A","","","1"
"2024-07","Canada","2016A000011124","Total, all industries","Job vacancy rate","Percent","239","units","0","v1446283289","1.1.3","3.1","A","","","1"
"2024-08","Canada","2016A000011124","Total, all industries","Job vacancy rate","Percent","239","units","0","v1446283289","1.1.3","3.0","A","","","1"
"2024-09","Canada","2016A000011124","Total, all industries","Job vacancy rate","Percent","239","units","0","v1446283289","1.1.3","3.0","A","","","1"
"2024-10","Canada","2016A000011124","Total, all industries","Job vacancy rate","Percent","239","units","0","v1446283289","1.1.3","2.9","A","","","1"
"2024-11","Canada","2016A000011124","Total, all industries","Job vacancy rate","Percent","239","units","0","v1446283289","1.1.3","2.9","A","","","1"
"2024-01","Canada","2016A000011124","Agriculture, forestry, fishing and hunting [11]","Job vacancies","Number","223","units","0","v1446283290","1.2.1","8740","D","","","0"
"2024-02","Canada","2016A000011124","Agriculture, forestry, fishing and hunting [11]","Job vacancies","Number","223","units","0","v1446283290","1.2.1","9745","C","","","0"
"2024-03","Canada","2016A000011124","Agriculture, forestry, fishing and hunting [11]","Job vacancies","Number","223","units","0","v1446283290","1.2.1","9090","C","","","0"
"2024-04","Canada","2016A000011124","Agriculture, forestry, fishing and hunting [11]","Job vacancies","Number","223","units","0","v1446283290","1.2.1","8400","C","","","0"
"2024-05","Canada","2016A000011124","Agriculture, forestry, fishing and hunting [11]","Job vacancies","Number","223","units","0","v1446283290","1.2.1","9120","D","","","0"
"2024-06","Canada","2016A000011124","Agriculture, forestry, fishing and hunting [11]","Job vacancies","Number","223","units","0","v1446283290","1.2.1","8950","D","","","0"
"2024-07","Canada","2016A000011124","Agriculture, forestry, fishing and hunting [11]","Job vacancies","Number","223","units","0","v1446283290","1.2.1","9385","D","","","0"
"2024-08","Canada","2016A000011124","Agriculture, forestry, fishing and hunting [11]","Job vacancies","Number","223","units","0","v1446283290","1.2.1","8060","C","","","0"
"2024-09","Canada","2016A000011124","Agriculture, forestry, fishing and hunting [11]","Job vacancies","Number","223","units","0","v1446283290","1.2.1","8450","C","","","0"
"2024-10","Canada","2016A000011124","Agriculture, forestry, fishing and hunting [11]","Job vacancies","Number","223","units","0","v1446283290","1.2.1","9155","C","","","0"
"2024-11","Canada","2016A000011124","Agriculture, forestry, fishing and hunting [11]","Job vacancies","Number","223","units","0","v1446283290","1.2.1","8040","C","","","0"
"2024-01","Canada","2016A000011124","Agriculture, forestry, fishing and hunting [11]","Payroll employees","Number","223","units","0","v1446283291","1.2.2","239455","A","","","0"
"2024-02","Canada","2016A000011124","Agriculture, forestry, fishing and hunting [11]","Payroll employees","Number","223","units","0","v1446283291","1.2.2","239555","A","","","0"
"2024-03","Canada","2016A000011124","Agriculture, forestry, fishing and hunting [11]","Payroll employees","Number","223","units","0","v1446283291","1.2.2","242640","A","","","0"
"2024-04","Canada","2016A000011124","Agriculture, forestry, fishing and hunting [11]","Payroll employees","Number","223","units","0","v1446283291","1.2.2","241625","A","","","0"
"2024-05","Canada","2016A000011124","Agriculture, forestry, fishing and hunting [11]","Payroll employees","Number","223","units","0","v1446283291","1.2.2","240455","A","","","0"
"2024-06","Canada","2016A000011124","Agriculture, forestry, fishing and hunting [11]","Payroll employees","Number","223","units","0","v1446283291","1.2.2","242970","A","","","0"
"2024-07","Canada","2016A000011124","Agriculture, forestry, fishing and hunting [11]","Payroll employees","Number","223","units","0","v1446283291","1.2.2","242085","A","","","0"
"2024-08","Canada","2016A000011124","Agriculture, forestry, fishing and hunting [11]","Payroll employees","Number","223","units","0","v1446283291","1.2.2","239860","A","","","0"
"2024-09","Canada","2016A000011124","Agriculture, forestry, fishing and hunting [11]","Payroll employees","Number","223","units","0","v1446283291","1.2.2","241530","A","","","0"
"2024-10","Canada","2016A000011124","Agriculture, forestry, fishing and hunting [11]","Payroll employees","Number","223","units","0","v1446283291","1.2.2","242225","A","","","0"
"2024-11","Canada","2016A000011124","Agriculture, forestry, fishing and hunting [11]","Payroll employees","Number","223","units","0","v1446283291","1.2.2","240445","A","","","0"
"2024-01","Canada","2016A000011124","Agriculture, forestry, fishing and hunting [11]","Job vacancy rate","Percent","239","units","0","v1446283292","1.2.3","3.5","D","","","1"
"2024-02","Canada","2016A000011124","Agriculture, forestry, fishing and hunting [11]","Job vacancy rate","Percent","239","units","0","v1446283292","1.2.3","3.9","C","","","1"
"2024-03","Canada","2016A000011124","Agriculture, forestry, fishing and hunting [11]","Job vacancy rate","Percent","239","units","0","v1446283292","1.2.3","3.6","C","","","1"
"2024-04","Canada","2016A000011124","Agriculture, forestry, fishing and hunting [11]","Job vacancy rate","Percent","239","units","0","v1446283292","1.2.3","3.4","B","","","1"
"2024-05","Canada","2016A000011124","Agriculture, forestry, fishing and hunting [11]","Job vacancy rate","Percent","239","units","0","v1446283292","1.2.3","3.7","D","","","1"
"2024-06","Canada","2016A000011124","Agriculture, forestry, fishing and hunting [11]","Job vacancy rate","Percent","239","units","0","v1446283292","1.2.3","3.6","D","","","1"
"2024-07","Canada","2016A000011124","Agriculture, forestry, fishing and hunting [11]","Job vacancy rate","Percent","239","units","0","v1446283292","1.2.3","3.7","D","","","1"
"2024-08","Canada","2016A000011124","Agriculture, forestry, fishing and hunting [11]","Job vacancy rate","Percent","239","units","0","v1446283292","1.2.3","3.3","C","","","1"
"2024-09","Canada","2016A000011124","Agriculture, forestry, fishing and hunting [11]","Job vacancy rate","Percent","239","units","0","v1446283292","1.2.3","3.4","C","","","1"
"2024-10","Canada","2016A000011124","Agriculture, forestry, fishing and hunting [11]","Job vacancy rate","Percent","239","units","0","v1446283292","1.2.3","3.6","C","","","1"
"2024-11","Canada","2016A000011124","Agriculture, forestry, fishing and hunting [11]","Job vacancy rate","Percent","239","units","0","v1446283292","1.2.3","3.2","C","","","1"
"2024-01","Canada","2016A000011124","Mining, quarrying, and oil and gas extraction [21]","Job vacancies","Number","223","units","0","v1446283293","1.3.1","5650","C","","","0"
"2024-02","Canada","2016A000011124","Mining, quarrying, and oil and gas extraction [21]","Job vacancies","Number","223","units","0","v1446283293","1.3.1","5670","C","","","0"
"2024-03","Canada","2016A000011124","Mining, quarrying, and oil and gas extraction [21]","Job vacancies","Number","223","units","0","v1446283293","1.3.1","5125","D","","","0"
"2024-04","Canada","2016A000011124","Mining, quarrying, and oil and gas extraction [21]","Job vacancies","Number","223","units","0","v1446283293","1.3.1","5085","C","","","0"
"2024-05","Canada","2016A000011124","Mining, quarrying, and oil and gas extraction [21]","Job vacancies","Number","223","units","0","v1446283293","1.3.1","6405","C","","","0"
"2024-06","Canada","2016A000011124","Mining, quarrying, and oil and gas extraction [21]","Job vacancies","Number","223","units","0","v1446283293","1.3.1","5730","C","","","0"
"2024-07","Canada","2016A000011124","Mining, quarrying, and oil and gas extraction [21]","Job vacancies","Number","223","units","0","v1446283293","1.3.1","5135","C","","","0"
"2024-08","Canada","2016A000011124","Mining, quarrying, and oil and gas extraction [21]","Job vacancies","Number","223","units","0","v1446283293","1.3.1","5510","C","","","0"
"2024-09","Canada","2016A000011124","Mining, quarrying, and oil and gas extraction [21]","Job vacancies","Number","223","units","0","v1446283293","1.3.1","5025","C","","","0"
"2024-10","Canada","2016A000011124","Mining, quarrying, and oil and gas extraction [21]","Job vacancies","Number","223","units","0","v1446283293","1.3.1","5060","C","","","0"
"2024-11","Canada","2016A000011124","Mining, quarrying, and oil and gas extraction [21]","Job vacancies","Number","223","units","0","v1446283293","1.3.1","5245","C","","","0"
"2024-01","Canada","2016A000011124","Mining, quarrying, and oil and gas extraction [21]","Payroll employees","Number","223","units","0","v1446283294","1.3.2","208720","A","","","0"
"2024-02","Canada","2016A000011124","Mining, quarrying, and oil and gas extraction [21]","Payroll employees","Number","223","units","0","v1446283294","1.3.2","208805","A","","","0"
"2024-03","Canada","2016A000011124","Mining, quarrying, and oil and gas extraction [21]","Payroll employees","Number","223","units","0","v1446283294","1.3.2","208645","A","","","0"
"2024-04","Canada","2016A000011124","Mining, quarrying, and oil and gas extraction [21]","Payroll employees","Number","223","units","0","v1446283294","1.3.2","209560","A","","","0"
"2024-05","Canada","2016A000011124","Mining, quarrying, and oil and gas extraction [21]","Payroll employees","Number","223","units","0","v1446283294","1.3.2","208060","A","","","0"
"2024-06","Canada","2016A000011124","Mining, quarrying, and oil and gas extraction [21]","Payroll employees","Number","223","units","0","v1446283294","1.3.2","212035","A","","","0"
"2024-07","Canada","2016A000011124","Mining, quarrying, and oil and gas extraction [21]","Payroll employees","Number","223","units","0","v1446283294","1.3.2","211790","A","","","0"
"2024-08","Canada","2016A000011124","Mining, quarrying, and oil and gas extraction [21]","Payroll employees","Number","223","units","0","v1446283294","1.3.2","211455","A","","","0"
"2024-09","Canada","2016A000011124","Mining, quarrying, and oil and gas extraction [21]","Payroll employees","Number","223","units","0","v1446283294","1.3.2","217755","A","","","0"
"2024-10","Canada","2016A000011124","Mining, quarrying, and oil and gas extraction [21]","Payroll employees","Number","223","units","0","v1446283294","1.3.2","213140","A","","","0"
"2024-11","Canada","2016A000011124","Mining, quarrying, and oil and gas extraction [21]","Payroll employees","Number","223","units","0","v1446283294","1.3.2","212610","A","","","0"
"2024-01","Canada","2016A000011124","Mining, quarrying, and oil and gas extraction [21]","Job vacancy rate","Percent","239","units","0","v1446283295","1.3.3","2.6","C","","","1"
"2024-02","Canada","2016A000011124","Mining, quarrying, and oil and gas extraction [21]","Job vacancy rate","Percent","239","units","0","v1446283295","1.3.3","2.6","C","","","1"
"2024-03","Canada","2016A000011124","Mining, quarrying, and oil and gas extraction [21]","Job vacancy rate","Percent","239","units","0","v1446283295","1.3.3","2.4","D","","","1"
"2024-04","Canada","2016A000011124","Mining, quarrying, and oil and gas extraction [21]","Job vacancy rate","Percent","239","units","0","v1446283295","1.3.3","2.4","C","","","1"
"2024-05","Canada","2016A000011124","Mining, quarrying, and oil and gas extraction [21]","Job vacancy rate","Percent","239","units","0","v1446283295","1.3.3","3.0","C","","","1"
"2024-06","Canada","2016A000011124","Mining, quarrying, and oil and gas extraction [21]","Job vacancy rate","Percent","239","units","0","v1446283295","1.3.3","2.6","C","","","1"
"2024-07","Canada","2016A000011124","Mining, quarrying, and oil and gas extraction [21]","Job vacancy rate","Percent","239","units","0","v1446283295","1.3.3","2.4","C","","","1"
"2024-08","Canada","2016A000011124","Mining, quarrying, and oil and gas extraction [21]","Job vacancy rate","Percent","239","units","0","v1446283295","1.3.3","2.5","C","","","1"
"2024-09","Canada","2016A000011124","Mining, quarrying, and oil and gas extraction [21]","Job vacancy rate","Percent","239","units","0","v1446283295","1.3.3","2.3","C","","","1"
"2024-10","Canada","2016A000011124","Mining, quarrying, and oil and gas extraction [21]","Job vacancy rate","Percent","239","units","0","v1446283295","1.3.3","2.3","C","","","1"
"2024-11","Canada","2016A000011124","Mining, quarrying, and oil and gas extraction [21]","Job vacancy rate","Percent","239","units","0","v1446283295","1.3.3","2.4","C","","","1"
"2024-01","Canada","2016A000011124","Utilities [22]","Job vacancies","Number","223","units","0","v1446283296","1.4.1","3075","D","","","0"
"2024-02","Canada","2016A000011124","Utilities [22]","Job vacancies","Number","223","units","0","v1446283296","1.4.1","2815","D","","","0"
"2024-03","Canada","2016A000011124","Utilities [22]","Job vacancies","Number","223","units","0","v1446283296","1.4.1","2395","D","","","0"
"2024-04","Canada","2016A000011124","Utilities [22]","Job vacancies","Number","223","units","0","v1446283296","1.4.1","2275","D","","","0"
"2024-05","Canada","2016A000011124","Utilities [22]","Job vacancies","Number","223","units","0","v1446283296","1.4.1","1830","D","","","0"
"2024-06","Canada","2016A000011124","Utilities [22]","Job vacancies","Number","223","units","0","v1446283296","1.4.1","","F","","","0"
"2024-07","Canada","2016A000011124","Utilities [22]","Job vacancies","Number","223","units","0","v1446283296","1.4.1","1840","E","","","0"
"2024-08","Canada","2016A000011124","Utilities [22]","Job vacancies","Number","223","units","0","v1446283296","1.4.1","2185","C","","","0"
"2024-09","Canada","2016A000011124","Utilities [22]","Job vacancies","Number","223","units","0","v1446283296","1.4.1","2655","C","","","0"
"2024-10","Canada","2016A000011124","Utilities [22]","Job vacancies","Number","223","units","0","v1446283296","1.4.1","2145","D","","","0"
"2024-11","Canada","2016A000011124","Utilities [22]","Job vacancies","Number","223","units","0","v1446283296","1.4.1","1485","E","","","0"
"2024-01","Canada","2016A000011124","Utilities [22]","Payroll employees","Number","223","units","0","v1446283297","1.4.2","134150","A","","","0"
"2024-02","Canada","2016A000011124","Utilities [22]","Payroll employees","Number","223","units","0","v1446283297","1.4.2","134370","B","","","0"
"2024-03","Canada","2016A000011124","Utilities [22]","Payroll employees","Number","223","units","0","v1446283297","1.4.2","134480","A","","","0"
"2024-04","Canada","2016A000011124","Utilities [22]","Payroll employees","Number","223","units","0","v1446283297","1.4.2","135875","A","","","0"
"2024-05","Canada","2016A000011124","Utilities [22]","Payroll employees","Number","223","units","0","v1446283297","1.4.2","135620","A","","","0"
"2024-06","Canada","2016A000011124","Utilities [22]","Payroll employees","Number","223","units","0","v1446283297","1.4.2","135040","E","","","0"
"2024-07","Canada","2016A000011124","Utilities [22]","Payroll employees","Number","223","units","0","v1446283297","1.4.2","135750","A","","","0"
"2024-08","Canada","2016A000011124","Utilities [22]","Payroll employees","Number","223","units","0","v1446283297","1.4.2","134310","A","","","0"
"2024-09","Canada","2016A000011124","Utilities [22]","Payroll employees","Number","223","units","0","v1446283297","1.4.2","133900","A","","","0"
"2024-10","Canada","2016A000011124","Utilities [22]","Payroll employees","Number","223","units","0","v1446283297","1.4.2","133910","A","","","0"
"2024-11","Canada","2016A000011124","Utilities [22]","Payroll employees","Number","223","units","0","v1446283297","1.4.2","133295","A","","","0"
"2024-01","Canada","2016A000011124","Utilities [22]","Job vacancy rate","Percent","239","units","0","v1446283298","1.4.3","2.2","D","","","1"
"2024-02","Canada","2016A000011124","Utilities [22]","Job vacancy rate","Percent","239","units","0","v1446283298","1.4.3","2.1","D","","","1"
"2024-03","Canada","2016A000011124","Utilities [22]","Job vacancy rate","Percent","239","units","0","v1446283298","1.4.3","1.7","D","","","1"
"2024-04","Canada","2016A000011124","Utilities [22]","Job vacancy rate","Percent","239","units","0","v1446283298","1.4.3","1.6","D","","","1"
"2024-05","Canada","2016A000011124","Utilities [22]","Job vacancy rate","Percent","239","units","0","v1446283298","1.4.3","1.3","D","","","1"
"2024-06","Canada","2016A000011124","Utilities [22]","Job vacancy rate","Percent","239","units","0","v1446283298","1.4.3","","F","","","1"
"2024-07","Canada","2016A000011124","Utilities [22]","Job vacancy rate","Percent","239","units","0","v1446283298","1.4.3","1.3","E","","","1"
"2024-08","Canada","2016A000011124","Utilities [22]","Job vacancy rate","Percent","239","units","0","v1446283298","1.4.3","1.6","C","","","1"
"2024-09","Canada","2016A000011124","Utilities [22]","Job vacancy rate","Percent","239","units","0","v1446283298","1.4.3","1.9","C","","","1"
"2024-10","Canada","2016A000011124","Utilities [22]","Job vacancy rate","Percent","239","units","0","v1446283298","1.4.3","1.6","D","","","1"
"2024-11","Canada","2016A000011124","Utilities [22]","Job vacancy rate","Percent","239","units","0","v1446283298","1.4.3","1.1","E","","","1"
"2024-01","Canada","2016A000011124","Construction [23]","Job vacancies","Number","223","units","0","v1446283299","1.5.1","52785","B","","","0"
"2024-02","Canada","2016A000011124","Construction [23]","Job vacancies","Number","223","units","0","v1446283299","1.5.1","58510","B","","","0"
"2024-03","Canada","2016A000011124","Construction [23]","Job vacancies","Number","223","units","0","v1446283299","1.5.1","45765","B","","","0"
"2024-04","Canada","2016A000011124","Construction [23]","Job vacancies","Number","223","units","0","v1446283299","1.5.1","47130","B","","","0"
"2024-05","Canada","2016A000011124","Construction [23]","Job vacancies","Number","223","units","0","v1446283299","1.5.1","43390","B","","","0"
"2024-06","Canada","2016A000011124","Construction [23]","Job vacancies","Number","223","units","0","v1446283299","1.5.1","43665","B","","","0"
"2024-07","Canada","2016A000011124","Construction [23]","Job vacancies","Number","223","units","0","v1446283299","1.5.1","44670","B","","","0"
"2024-08","Canada","2016A000011124","Construction [23]","Job vacancies","Number","223","units","0","v1446283299","1.5.1","37280","B","","","0"
"2024-09","Canada","2016A000011124","Construction [23]","Job vacancies","Number","223","units","0","v1446283299","1.5.1","38675","B","","","0"
"2024-10","Canada","2016A000011124","Construction [23]","Job vacancies","Number","223","units","0","v1446283299","1.5.1","38750","B","","","0"
"2024-11","Canada","2016A000011124","Construction [23]","Job vacancies","Number","223","units","0","v1446283299","1.5.1","39395","B","","","0"
"2024-01","Canada","2016A000011124","Construction [23]","Payroll employees","Number","223","units","0","v1446283300","1.5.2","1171530","A","","","0"
"2024-02","Canada","2016A000011124","Construction [23]","Payroll employees","Number","223","units","0","v1446283300","1.5.2","1167280","A","","","0"
"2024-03","Canada","2016A000011124","Construction [23]","Payroll employees","Number","223","units","0","v1446283300","1.5.2","1174160","A","","","0"
"2024-04","Canada","2016A000011124","Construction [23]","Payroll employees","Number","223","units","0","v1446283300","1.5.2","1176000","A","","","0"
"2024-05","Canada","2016A000011124","Construction [23]","Payroll employees","Number","223","units","0","v1446283300","1.5.2","1176485","A","","","0"
"2024-06","Canada","2016A000011124","Construction [23]","Payroll employees","Number","223","units","0","v1446283300","1.5.2","1183540","A","","","0"
"2024-07","Canada","2016A000011124","Construction [23]","Payroll employees","Number","223","units","0","v1446283300","1.5.2","1180745","A","","","0"
"2024-08","Canada","2016A000011124","Construction [23]","Payroll employees","Number","223","units","0","v1446283300","1.5.2","1176435","A","","","0"
"2024-09","Canada","2016A000011124","Construction [23]","Payroll employees","Number","223","units","0","v1446283300","1.5.2","1181795","A","","","0"
"2024-10","Canada","2016A000011124","Construction [23]","Payroll employees","Number","223","units","0","v1446283300","1.5.2","1180135","A","","","0"
"2024-11","Canada","2016A000011124","Construction [23]","Payroll employees","Number","223","units","0","v1446283300","1.5.2","1183880","A","","","0"
"2024-01","Canada","2016A000011124","Construction [23]","Job vacancy rate","Percent","239","units","0","v1446283301","1.5.3","4.3","B","","","1"
"2024-02","Canada","2016A000011124","Construction [23]","Job vacancy rate","Percent","239","units","0","v1446283301","1.5.3","4.8","B","","","1"
"2024-03","Canada","2016A000011124","Construction [23]","Job vacancy rate","Percent","239","units","0","v1446283301","1.5.3","3.8","B","","","1"
"2024-04","Canada","2016A000011124","Construction [23]","Job vacancy rate","Percent","239","units","0","v1446283301","1.5.3","3.9","B","","","1"
"2024-05","Canada","2016A000011124","Construction [23]","Job vacancy rate","Percent","239","units","0","v1446283301","1.5.3","3.6","B","","","1"
"2024-06","Canada","2016A000011124","Construction [23]","Job vacancy rate","Percent","239","units","0","v1446283301","1.5.3","3.6","B","","","1"
"2024-07","Canada","2016A000011124","Construction [23]","Job vacancy rate","Percent","239","units","0","v1446283301","1.5.3","3.6","B","","","1"
"2024-08","Canada","2016A000011124","Construction [23]","Job vacancy rate","Percent","239","units","0","v1446283301","1.5.3","3.1","B","","","1"
"2024-09","Canada","2016A000011124","Construction [23]","Job vacancy rate","Percent","239","units","0","v1446283301","1.5.3","3.2","B","","","1"
"2024-10","Canada","2016A000011124","Construction [23]","Job vacancy rate","Percent","239","units","0","v1446283301","1.5.3","3.2","B","","","1"
"2024-11","Canada","2016A000011124","Construction [23]","Job vacancy rate","Percent","239","units","0","v1446283301","1.5.3","3.2","B","","","1"
"2024-01","Canada","2016A000011124","Manufacturing [31-33]","Job vacancies","Number","223","units","0","v1446283302","1.6.1","40030","A","","","0"
"2024-02","Canada","2016A000011124","Manufacturing [31-33]","Job vacancies","Number","223","units","0","v1446283302","1.6.1","43295","B","","","0"
"2024-03","Canada","2016A000011124","Manufacturing [31-33]","Job vacancies","Number","223","units","0","v1446283302","1.6.1","41395","B","","","0"
"2024-04","Canada","2016A000011124","Manufacturing [31-33]","Job vacancies","Number","223","units","0","v1446283302","1.6.1","37270","A","","","0"
"2024-05","Canada","2016A000011124","Manufacturing [31-33]","Job vacancies","Number","223","units","0","v1446283302","1.6.1","37950","A","","","0"
"2024-06","Canada","2016A000011124","Manufacturing [31-33]","Job vacancies","Number","223","units","0","v1446283302","1.6.1","37235","A","","","0"
"2024-07","Canada","2016A000011124","Manufacturing [31-33]","Job vacancies","Number","223","units","0","v1446283302","1.6.1","32305","A","","","0"
"2024-08","Canada","2016A000011124","Manufacturing [31-33]","Job vacancies","Number","223","units","0","v1446283302","1.6.1","32235","A","","","0"
"2024-09","Canada","2016A000011124","Manufacturing [31-33]","Job vacancies","Number","223","units","0","v1446283302","1.6.1","35455","A","","","0"
"2024-10","Canada","2016A000011124","Manufacturing [31-33]","Job vacancies","Number","223","units","0","v1446283302","1.6.1","31050","B","","","0"
"2024-11","Canada","2016A000011124","Manufacturing [31-33]","Job vacancies","Number","223","units","0","v1446283302","1.6.1","35010","B","","","0"
"2024-01","Canada","2016A000011124","Manufacturing [31-33]","Payroll employees","Number","223","units","0","v1446283303","1.6.2","1563315","A","","","0"
"2024-02","Canada","2016A000011124","Manufacturing [31-33]","Payroll employees","Number","223","units","0","v1446283303","1.6.2","1569550","A","","","0"
"2024-03","Canada","2016A000011124","Manufacturing [31-33]","Payroll employees","Number","223","units","0","v1446283303","1.6.2","1563330","A","","","0"
"2024-04","Canada","2016A000011124","Manufacturing [31-33]","Payroll employees","Number","223","units","0","v1446283303","1.6.2","1563005","A","","","0"
"2024-05","Canada","2016A000011124","Manufacturing [31-33]","Payroll employees","Number","223","units","0","v1446283303","1.6.2","1562690","A","","","0"
"2024-06","Canada","2016A000011124","Manufacturing [31-33]","Payroll employees","Number","223","units","0","v1446283303","1.6.2","1568600","A","","","0"
"2024-07","Canada","2016A000011124","Manufacturing [31-33]","Payroll employees","Number","223","units","0","v1446283303","1.6.2","1556005","A","","","0"
"2024-08","Canada","2016A000011124","Manufacturing [31-33]","Payroll employees","Number","223","units","0","v1446283303","1.6.2","1557205","A","","","0"
"2024-09","Canada","2016A000011124","Manufacturing [31-33]","Payroll employees","Number","223","units","0","v1446283303","1.6.2","1561355","A","","","0"
"2024-10","Canada","2016A000011124","Manufacturing [31-33]","Payroll employees","Number","223","units","0","v1446283303","1.6.2","1554055","A","","","0"
"2024-11","Canada","2016A000011124","Manufacturing [31-33]","Payroll employees","Number","223","units","0","v1446283303","1.6.2","1559750","A","","","0"
"2024-01","Canada","2016A000011124","Manufacturing [31-33]","Job vacancy rate","Percent","239","units","0","v1446283304","1.6.3","2.5","A","","","1"
"2024-02","Canada","2016A000011124","Manufacturing [31-33]","Job vacancy rate","Percent","239","units","0","v1446283304","1.6.3","2.7","B","","","1"
"2024-03","Canada","2016A000011124","Manufacturing [31-33]","Job vacancy rate","Percent","239","units","0","v1446283304","1.6.3","2.6","A","","","1"
"2024-04","Canada","2016A000011124","Manufacturing [31-33]","Job vacancy rate","Percent","239","units","0","v1446283304","1.6.3","2.3","A","","","1"
"2024-05","Canada","2016A000011124","Manufacturing [31-33]","Job vacancy rate","Percent","239","units","0","v1446283304","1.6.3","2.4","A","","","1"
"2024-06","Canada","2016A000011124","Manufacturing [31-33]","Job vacancy rate","Percent","239","units","0","v1446283304","1.6.3","2.3","A","","","1"
"2024-07","Canada","2016A000011124","Manufacturing [31-33]","Job vacancy rate","Percent","239","units","0","v1446283304","1.6.3","2.0","A","","","1"
"2024-08","Canada","2016A000011124","Manufacturing [31-33]","Job vacancy rate","Percent","239","units","0","v1446283304","1.6.3","2.0","A","","","1"
"2024-09","Canada","2016A000011124","Manufacturing [31-33]","Job vacancy rate","Percent","239","units","0","v1446283304","1.6.3","2.2","A","","","1"
"2024-10","Canada","2016A000011124","Manufacturing [31-33]","Job vacancy rate","Percent","239","units","0","v1446283304","1.6.3","2.0","B","","","1"
"2024-11","Canada","2016A000011124","Manufacturing [31-33]","Job vacancy rate","Percent","239","units","0","v1446283304","1.6.3","2.2","B","","","1"
"2024-01","Canada","2016A000011124","Wholesale trade [41]","Job vacancies","Number","223","units","0","v1446283305","1.7.1","23360","C","","","0"
"2024-02","Canada","2016A000011124","Wholesale trade [41]","Job vacancies","Number","223","units","0","v1446283305","1.7.1","23435","B","","","0"
"2024-03","Canada","2016A000011124","Wholesale trade [41]","Job vacancies","Number","223","units","0","v1446283305","1.7.1","24040","B","","","0"
"2024-04","Canada","2016A000011124","Wholesale trade [41]","Job vacancies","Number","223","units","0","v1446283305","1.7.1","21260","C","","","0"
"2024-05","Canada","2016A000011124","Wholesale trade [41]","Job vacancies","Number","223","units","0","v1446283305","1.7.1","20405","B","","","0"
"2024-06","Canada","2016A000011124","Wholesale trade [41]","Job vacancies","Number","223","units","0","v1446283305","1.7.1","21325","B","","","0"
"2024-07","Canada","2016A000011124","Wholesale trade [41]","Job vacancies","Number","223","units","0","v1446283305","1.7.1","19480","B","","","0"
"2024-08","Canada","2016A000011124","Wholesale trade [41]","Job vacancies","Number","223","units","0","v1446283305","1.7.1","21485","B","","","0"
"2024-09","Canada","2016A000011124","Wholesale trade [41]","Job vacancies","Number","223","units","0","v1446283305","1.7.1","19810","B","","","0"
"2024-10","Canada","2016A000011124","Wholesale trade [41]","Job vacancies","Number","223","units","0","v1446283305","1.7.1","20630","B","","","0"
"2024-11","Canada","2016A000011124","Wholesale trade [41]","Job vacancies","Number","223","units","0","v1446283305","1.7.1","20610","B","","","0"
"2024-01","Canada","2016A000011124","Wholesale trade [41]","Payroll employees","Number","223","units","0","v1446283306","1.7.2","822990","A","","","0"
"2024-02","Canada","2016A000011124","Wholesale trade [41]","Payroll employees","Number","223","units","0","v1446283306","1.7.2","824245","A","","","0"
"2024-03","Canada","2016A000011124","Wholesale trade [41]","Payroll employees","Number","223","units","0","v1446283306","1.7.2","822750","A","","","0"
"2024-04","Canada","2016A000011124","Wholesale trade [41]","Payroll employees","Number","223","units","0","v1446283306","1.7.2","823925","A","","","0"
"2024-05","Canada","2016A000011124","Wholesale trade [41]","Payroll employees","Number","223","units","0","v1446283306","1.7.2","821745","A","","","0"
"2024-06","Canada","2016A000011124","Wholesale trade [41]","Payroll employees","Number","223","units","0","v1446283306","1.7.2","824050","A","","","0"
"2024-07","Canada","2016A000011124","Wholesale trade [41]","Payroll employees","Number","223","units","0","v1446283306","1.7.2","820950","A","","","0"
"2024-08","Canada","2016A000011124","Wholesale trade [41]","Payroll employees","Number","223","units","0","v1446283306","1.7.2","820545","A","","","0"
"2024-09","Canada","2016A000011124","Wholesale trade [41]","Payroll employees","Number","223","units","0","v1446283306","1.7.2","826405","A","","","0"
"2024-10","Canada","2016A000011124","Wholesale trade [41]","Payroll employees","Number","223","units","0","v1446283306","1.7.2","822610","A","","","0"
"2024-11","Canada","2016A000011124","Wholesale trade [41]","Payroll employees","Number","223","units","0","v1446283306","1.7.2","821195","A","","","0"
"2024-01","Canada","2016A000011124","Wholesale trade [41]","Job vacancy rate","Percent","239","units","0","v1446283307","1.7.3","2.8","C","","","1"
"2024-02","Canada","2016A000011124","Wholesale trade [41]","Job vacancy rate","Percent","239","units","0","v1446283307","1.7.3","2.8","B","","","1"
"2024-03","Canada","2016A000011124","Wholesale trade [41]","Job vacancy rate","Percent","239","units","0","v1446283307","1.7.3","2.8","B","","","1"
"2024-04","Canada","2016A000011124","Wholesale trade [41]","Job vacancy rate","Percent","239","units","0","v1446283307","1.7.3","2.5","C","","","1"
"2024-05","Canada","2016A000011124","Wholesale trade [41]","Job vacancy rate","Percent","239","units","0","v1446283307","1.7.3","2.4","B","","","1"
"2024-06","Canada","2016A000011124","Wholesale trade [41]","Job vacancy rate","Percent","239","units","0","v1446283307","1.7.3","2.5","B","","","1"
"2024-07","Canada","2016A000011124","Wholesale trade [41]","Job vacancy rate","Percent","239","units","0","v1446283307","1.7.3","2.3","B","","","1"
"2024-08","Canada","2016A000011124","Wholesale trade [41]","Job vacancy rate","Percent","239","units","0","v1446283307","1.7.3","2.6","B","","","1"
"2024-09","Canada","2016A000011124","Wholesale trade [41]","Job vacancy rate","Percent","239","units","0","v1446283307","1.7.3","2.3","B","","","1"
"2024-10","Canada","2016A000011124","Wholesale trade [41]","Job vacancy rate","Percent","239","units","0","v1446283307","1.7.3","2.4","B","","","1"
"2024-11","Canada","2016A000011124","Wholesale trade [41]","Job vacancy rate","Percent","239","units","0","v1446283307","1.7.3","2.4","B","","","1"
"2024-01","Canada","2016A000011124","Retail trade [44-45]","Job vacancies","Number","223","units","0","v1446283308","1.8.1","67005","C","","","0"
"2024-02","Canada","2016A000011124","Retail trade [44-45]","Job vacancies","Number","223","units","0","v1446283308","1.8.1","69430","C","","","0"
"2024-03","Canada","2016A000011124","Retail trade [44-45]","Job vacancies","Number","223","units","0","v1446283308","1.8.1","59705","C","","","0"
"2024-04","Canada","2016A000011124","Retail trade [44-45]","Job vacancies","Number","223","units","0","v1446283308","1.8.1","53845","B","","","0"
"2024-05","Canada","2016A000011124","Retail trade [44-45]","Job vacancies","Number","223","units","0","v1446283308","1.8.1","55740","C","","","0"
"2024-06","Canada","2016A000011124","Retail trade [44-45]","Job vacancies","Number","223","units","0","v1446283308","1.8.1","52690","C","","","0"
"2024-07","Canada","2016A000011124","Retail trade [44-45]","Job vacancies","Number","223","units","0","v1446283308","1.8.1","51890","C","","","0"
"2024-08","Canada","2016A000011124","Retail trade [44-45]","Job vacancies","Number","223","units","0","v1446283308","1.8.1","47245","C","","","0"
"2024-09","Canada","2016A000011124","Retail trade [44-45]","Job vacancies","Number","223","units","0","v1446283308","1.8.1","46950","C","","","0"
"2024-10","Canada","2016A000011124","Retail trade [44-45]","Job vacancies","Number","223","units","0","v1446283308","1.8.1","41185","C","","","0"
"2024-11","Canada","2016A000011124","Retail trade [44-45]","Job vacancies","Number","223","units","0","v1446283308","1.8.1","40865","C","","","0"
"2024-01","Canada","2016A000011124","Retail trade [44-45]","Payroll employees","Number","223","units","0","v1446283309","1.8.2","2009425","A","","","0"
"2024-02","Canada","2016A000011124","Retail trade [44-45]","Payroll employees","Number","223","units","0","v1446283309","1.8.2","2011040","A","","","0"
"2024-03","Canada","2016A000011124","Retail trade [44-45]","Payroll employees","Number","223","units","0","v1446283309","1.8.2","2008185","A","","","0"
"2024-04","Canada","2016A000011124","Retail trade [44-45]","Payroll employees","Number","223","units","0","v1446283309","1.8.2","2002405","A","","","0"
"2024-05","Canada","2016A000011124","Retail trade [44-45]","Payroll employees","Number","223","units","0","v1446283309","1.8.2","2002870","A","","","0"
"2024-06","Canada","2016A000011124","Retail trade [44-45]","Payroll employees","Number","223","units","0","v1446283309","1.8.2","2007550","A","","","0"
"2024-07","Canada","2016A000011124","Retail trade [44-45]","Payroll employees","Number","223","units","0","v1446283309","1.8.2","1995985","A","","","0"
"2024-08","Canada","2016A000011124","Retail trade [44-45]","Payroll employees","Number","223","units","0","v1446283309","1.8.2","1999025","A","","","0"
"2024-09","Canada","2016A000011124","Retail trade [44-45]","Payroll employees","Number","223","units","0","v1446283309","1.8.2","2000500","A","","","0"
"2024-10","Canada","2016A000011124","Retail trade [44-45]","Payroll employees","Number","223","units","0","v1446283309","1.8.2","1992995","A","","","0"
"2024-11","Canada","2016A000011124","Retail trade [44-45]","Payroll employees","Number","223","units","0","v1446283309","1.8.2","2004700","A","","","0"
"2024-01","Canada","2016A000011124","Retail trade [44-45]","Job vacancy rate","Percent","239","units","0","v1446283310","1.8.3","3.2","C","","","1"
"2024-02","Canada","2016A000011124","Retail trade [44-45]","Job vacancy rate","Percent","239","units","0","v1446283310","1.8.3","3.3","C","","","1"
"2024-03","Canada","2016A000011124","Retail trade [44-45]","Job vacancy rate","Percent","239","units","0","v1446283310","1.8.3","2.9","C","","","1"
"2024-04","Canada","2016A000011124","Retail trade [44-45]","Job vacancy rate","Percent","239","units","0","v1446283310","1.8.3","2.6","B","","","1"
"2024-05","Canada","2016A000011124","Retail trade [44-45]","Job vacancy rate","Percent","239","units","0","v1446283310","1.8.3","2.7","C","","","1"
"2024-06","Canada","2016A000011124","Retail trade [44-45]","Job vacancy rate","Percent","239","units","0","v1446283310","1.8.3","2.6","C","","","1"
"2024-07","Canada","2016A000011124","Retail trade [44-45]","Job vacancy rate","Percent","239","units","0","v1446283310","1.8.3","2.5","C","","","1"
"2024-08","Canada","2016A000011124","Retail trade [44-45]","Job vacancy rate","Percent","239","units","0","v1446283310","1.8.3","2.3","B","","","1"
"2024-09","Canada","2016A000011124","Retail trade [44-45]","Job vacancy rate","Percent","239","units","0","v1446283310","1.8.3","2.3","C","","","1"
"2024-10","Canada","2016A000011124","Retail trade [44-45]","Job vacancy rate","Percent","239","units","0","v1446283310","1.8.3","2.0","C","","","1"
"2024-11","Canada","2016A000011124","Retail trade [44-45]","Job vacancy rate","Percent","239","units","0","v1446283310","1.8.3","2.0","C","","","1"
"2024-01","Canada","2016A000011124","Transportation and warehousing [48-49]","Job vacancies","Number","223","units","0","v1446283311","1.9.1","29835","C","","","0"
"2024-02","Canada","2016A000011124","Transportation and warehousing [48-49]","Job vacancies","Number","223","units","0","v1446283311","1.9.1","37880","D","","","0"
"2024-03","Canada","2016A000011124","Transportation and warehousing [48-49]","Job vacancies","Number","223","units","0","v1446283311","1.9.1","35795","C","","","0"
"2024-04","Canada","2016A000011124","Transportation and warehousing [48-49]","Job vacancies","Number","223","units","0","v1446283311","1.9.1","29395","C","","","0"
"2024-05","Canada","2016A000011124","Transportation and warehousing [48-49]","Job vacancies","Number","223","units","0","v1446283311","1.9.1","30085","C","","","0"
"2024-06","Canada","2016A000011124","Transportation and warehousing [48-49]","Job vacancies","Number","223","units","0","v1446283311","1.9.1","33250","D","","","0"
"2024-07","Canada","2016A000011124","Transportation and warehousing [48-49]","Job vacancies","Number","223","units","0","v1446283311","1.9.1","27085","C","","","0"
"2024-08","Canada","2016A000011124","Transportation and warehousing [48-49]","Job vacancies","Number","223","units","0","v1446283311","1.9.1","26845","C","","","0"
"2024-09","Canada","2016A000011124","Transportation and warehousing [48-49]","Job vacancies","Number","223","units","0","v1446283311","1.9.1","30085","C","","","0"
"2024-10","Canada","2016A000011124","Transportation and warehousing [48-49]","Job vacancies","Number","223","units","0","v1446283311","1.9.1","24490","D","","","0"
"2024-11","Canada","2016A000011124","Transportation and warehousing [48-49]","Job vacancies","Number","223","units","0","v1446283311","1.9.1","26170","C","","","0"
"2024-01","Canada","2016A000011124","Transportation and warehousing [48-49]","Payroll employees","Number","223","units","0","v1446283312","1.9.2","839810","A","","","0"
"2024-02","Canada","2016A000011124","Transportation and warehousing [48-49]","Payroll employees","Number","223","units","0","v1446283312","1.9.2","839285","A","","","0"
"2024-03","Canada","2016A000011124","Transportation and warehousing [48-49]","Payroll employees","Number","223","units","0","v1446283312","1.9.2","840510","A","","","0"
"2024-04","Canada","2016A000011124","Transportation and warehousing [48-49]","Payroll employees","Number","223","units","0","v1446283312","1.9.2","843855","A","","","0"
"2024-05","Canada","2016A000011124","Transportation and warehousing [48-49]","Payroll employees","Number","223","units","0","v1446283312","1.9.2","842860","A","","","0"
"2024-06","Canada","2016A000011124","Transportation and warehousing [48-49]","Payroll employees","Number","223","units","0","v1446283312","1.9.2","846015","A","","","0"
"2024-07","Canada","2016A000011124","Transportation and warehousing [48-49]","Payroll employees","Number","223","units","0","v1446283312","1.9.2","846820","A","","","0"
"2024-08","Canada","2016A000011124","Transportation and warehousing [48-49]","Payroll employees","Number","223","units","0","v1446283312","1.9.2","847360","A","","","0"
"2024-09","Canada","2016A000011124","Transportation and warehousing [48-49]","Payroll employees","Number","223","units","0","v1446283312","1.9.2","848395","A","","","0"
"2024-10","Canada","2016A000011124","Transportation and warehousing [48-49]","Payroll employees","Number","223","units","0","v1446283312","1.9.2","846305","A","","","0"
"2024-11","Canada","2016A000011124","Transportation and warehousing [48-49]","Payroll employees","Number","223","units","0","v1446283312","1.9.2","847225","A","","","0"
"2024-01","Canada","2016A000011124","Transportation and warehousing [48-49]","Job vacancy rate","Percent","239","units","0","v1446283313","1.9.3","3.4","C","","","1"
"2024-02","Canada","2016A000011124","Transportation and warehousing [48-49]","Job vacancy rate","Percent","239","units","0","v1446283313","1.9.3","4.3","D","","","1"
"2024-03","Canada","2016A000011124","Transportation and warehousing [48-49]","Job vacancy rate","Percent","239","units","0","v1446283313","1.9.3","4.1","C","","","1"
"2024-04","Canada","2016A000011124","Transportation and warehousing [48-49]","Job vacancy rate","Percent","239","units","0","v1446283313","1.9.3","3.4","C","","","1"
"2024-05","Canada","2016A000011124","Transportation and warehousing [48-49]","Job vacancy rate","Percent","239","units","0","v1446283313","1.9.3","3.4","C","","","1"
"2024-06","Canada","2016A000011124","Transportation and warehousing [48-49]","Job vacancy rate","Percent","239","units","0","v1446283313","1.9.3","3.8","D","","","1"
"2024-07","Canada","2016A000011124","Transportation and warehousing [48-49]","Job vacancy rate","Percent","239","units","0","v1446283313","1.9.3","3.1","C","","","1"
"2024-08","Canada","2016A000011124","Transportation and warehousing [48-49]","Job vacancy rate","Percent","239","units","0","v1446283313","1.9.3","3.1","C","","","1"
"2024-09","Canada","2016A000011124","Transportation and warehousing [48-49]","Job vacancy rate","Percent","239","units","0","v1446283313","1.9.3","3.4","C","","","1"
"2024-10","Canada","2016A000011124","Transportation and warehousing [48-49]","Job vacancy rate","Percent","239","units","0","v1446283313","1.9.3","2.8","D","","","1"
"2024-11","Canada","2016A000011124","Transportation and warehousing [48-49]","Job vacancy rate","Percent","239","units","0","v1446283313","1.9.3","3.0","C","","","1"
"2024-01","Canada","2016A000011124","Information and cultural industries [51]","Job vacancies","Number","223","units","0","v1446283314","1.10.1","8725","D","","","0"
"2024-02","Canada","2016A000011124","Information and cultural industries [51]","Job vacancies","Number","223","units","0","v1446283314","1.10.1","5945","D","","","0"
"2024-03","Canada","2016A000011124","Information and cultural industries [51]","Job vacancies","Number","223","units","0","v1446283314","1.10.1","7625","D","","","0"
"2024-04","Canada","2016A000011124","Information and cultural industries [51]","Job vacancies","Number","223","units","0","v1446283314","1.10.1","8210","D","","","0"
"2024-05","Canada","2016A000011124","Information and cultural industries [51]","Job vacancies","Number","223","units","0","v1446283314","1.10.1","5990","C","","","0"
"2024-06","Canada","2016A000011124","Information and cultural industries [51]","Job vacancies","Number","223","units","0","v1446283314","1.10.1","7470","D","","","0"
"2024-07","Canada","2016A000011124","Information and cultural industries [51]","Job vacancies","Number","223","units","0","v1446283314","1.10.1","8155","C","","","0"
"2024-08","Canada","2016A000011124","Information and cultural industries [51]","Job vacancies","Number","223","units","0","v1446283314","1.10.1","6290","D","","","0"
"2024-09","Canada","2016A000011124","Information and cultural industries [51]","Job vacancies","Number","223","units","0","v1446283314","1.10.1","8855","D","","","0"
"2024-10","Canada","2016A000011124","Information and cultural industries [51]","Job vacancies","Number","223","units","0","v1446283314","1.10.1","8575","D","","","0"
"2024-11","Canada","2016A000011124","Information and cultural industries [51]","Job vacancies","Number","223","units","0","v1446283314","1.10.1","","F","","","0"
"2024-01","Canada","2016A000011124","Information and cultural industries [51]","Payroll employees","Number","223","units","0","v1446283315","1.10.2","354800","A","","","0"
"2024-02","Canada","2016A000011124","Information and cultural industries [51]","Payroll employees","Number","223","units","0","v1446283315","1.10.2","365265","A","","","0"
"2024-03","Canada","2016A000011124","Information and cultural industries [51]","Payroll employees","Number","223","units","0","v1446283315","1.10.2","360130","A","","","0"
"2024-04","Canada","2016A000011124","Information and cultural industries [51]","Payroll employees","Number","223","units","0","v1446283315","1.10.2","361885","A","","","0"
"2024-05","Canada","2016A000011124","Information and cultural industries [51]","Payroll employees","Number","223","units","0","v1446283315","1.10.2","361225","A","","","0"
"2024-06","Canada","2016A000011124","Information and cultural industries [51]","Payroll employees","Number","223","units","0","v1446283315","1.10.2","359375","A","","","0"
"2024-07","Canada","2016A000011124","Information and cultural industries [51]","Payroll employees","Number","223","units","0","v1446283315","1.10.2","358460","A","","","0"
"2024-08","Canada","2016A000011124","Information and cultural industries [51]","Payroll employees","Number","223","units","0","v1446283315","1.10.2","358070","A","","","0"
"2024-09","Canada","2016A000011124","Information and cultural industries [51]","Payroll employees","Number","223","units","0","v1446283315","1.10.2","357815","A","","","0"
"2024-10","Canada","2016A000011124","Information and cultural industries [51]","Payroll employees","Number","223","units","0","v1446283315","1.10.2","357610","A","","","0"
"2024-11","Canada","2016A000011124","Information and cultural industries [51]","Payroll employees","Number","223","units","0","v1446283315","1.10.2","355640","E","","","0"
"2024-01","Canada","2016A000011124","Information and cultural industries [51]","Job vacancy rate","Percent","239","units","0","v1446283316","1.10.3","2.4","D","","","1"
"2024-02","Canada","2016A000011124","Information and cultural industries [51]","Job vacancy rate","Percent","239","units","0","v1446283316","1.10.3","1.6","D","","","1"
"2024-03","Canada","2016A000011124","Information and cultural industries [51]","Job vacancy rate","Percent","239","units","0","v1446283316","1.10.3","2.1","D","","","1"
"2024-04","Canada","2016A000011124","Information and cultural industries [51]","Job vacancy rate","Percent","239","units","0","v1446283316","1.10.3","2.2","D","","","1"
"2024-05","Canada","2016A000011124","Information and cultural industries [51]","Job vacancy rate","Percent","239","units","0","v1446283316","1.10.3","1.6","C","","","1"
"2024-06","Canada","2016A000011124","Information and cultural industries [51]","Job vacancy rate","Percent","239","units","0","v1446283316","1.10.3","2.0","D","","","1"
"2024-07","Canada","2016A000011124","Information and cultural industries [51]","Job vacancy rate","Percent","239","units","0","v1446283316","1.10.3","2.2","C","","","1"
"2024-08","Canada","2016A000011124","Information and cultural industries [51]","Job vacancy rate","Percent","239","units","0","v1446283316","1.10.3","1.7","D","","","1"
"2024-09","Canada","2016A000011124","Information and cultural industries [51]","Job vacancy rate","Percent","239","units","0","v1446283316","1.10.3","2.4","D","","","1"
"2024-10","Canada","2016A000011124","Information and cultural industries [51]","Job vacancy rate","Percent","239","units","0","v1446283316","1.10.3","2.3","D","","","1"
"2024-11","Canada","2016A000011124","Information and cultural industries [51]","Job vacancy rate","Percent","239","units","0","v1446283316","1.10.3","","F","","","1"
"2024-01","Canada","2016A000011124","Finance and insurance [52]","Job vacancies","Number","223","units","0","v1446283317","1.11.1","23090","B","","","0"
"2024-02","Canada","2016A000011124","Finance and insurance [52]","Job vacancies","Number","223","units","0","v1446283317","1.11.1","25145","D","","","0"
"2024-03","Canada","2016A000011124","Finance and insurance [52]","Job vacancies","Number","223","units","0","v1446283317","1.11.1","19785","B","","","0"
"2024-04","Canada","2016A000011124","Finance and insurance [52]","Job vacancies","Number","223","units","0","v1446283317","1.11.1","15000","C","","","0"
"2024-05","Canada","2016A000011124","Finance and insurance [52]","Job vacancies","Number","223","units","0","v1446283317","1.11.1","21610","C","","","0"
"2024-06","Canada","2016A000011124","Finance and insurance [52]","Job vacancies","Number","223","units","0","v1446283317","1.11.1","17750","B","","","0"
"2024-07","Canada","2016A000011124","Finance and insurance [52]","Job vacancies","Number","223","units","0","v1446283317","1.11.1","17235","B","","","0"
"2024-08","Canada","2016A000011124","Finance and insurance [52]","Job vacancies","Number","223","units","0","v1446283317","1.11.1","23690","B","","","0"
"2024-09","Canada","2016A000011124","Finance and insurance [52]","Job vacancies","Number","223","units","0","v1446283317","1.11.1","19010","B","","","0"
"2024-10","Canada","2016A000011124","Finance and insurance [52]","Job vacancies","Number","223","units","0","v1446283317","1.11.1","16600","B","","","0"
"2024-11","Canada","2016A000011124","Finance and insurance [52]","Job vacancies","Number","223","units","0","v1446283317","1.11.1","24330","C","","","0"
"2024-01","Canada","2016A000011124","Finance and insurance [52]","Payroll employees","Number","223","units","0","v1446283318","1.11.2","837775","A","","","0"
"2024-02","Canada","2016A000011124","Finance and insurance [52]","Payroll employees","Number","223","units","0","v1446283318","1.11.2","841795","A","","","0"
"2024-03","Canada","2016A000011124","Finance and insurance [52]","Payroll employees","Number","223","units","0","v1446283318","1.11.2","846320","A","","","0"
"2024-04","Canada","2016A000011124","Finance and insurance [52]","Payroll employees","Number","223","units","0","v1446283318","1.11.2","847105","A","","","0"
"2024-05","Canada","2016A000011124","Finance and insurance [52]","Payroll employees","Number","223","units","0","v1446283318","1.11.2","843755","A","","","0"
"2024-06","Canada","2016A000011124","Finance and insurance [52]","Payroll employees","Number","223","units","0","v1446283318","1.11.2","847790","A","","","0"
"2024-07","Canada","2016A000011124","Finance and insurance [52]","Payroll employees","Number","223","units","0","v1446283318","1.11.2","849730","A","","","0"
"2024-08","Canada","2016A000011124","Finance and insurance [52]","Payroll employees","Number","223","units","0","v1446283318","1.11.2","849145","A","","","0"
"2024-09","Canada","2016A000011124","Finance and insurance [52]","Payroll employees","Number","223","units","0","v1446283318","1.11.2","850600","A","","","0"
"2024-10","Canada","2016A000011124","Finance and insurance [52]","Payroll employees","Number","223","units","0","v1446283318","1.11.2","849215","A","","","0"
"2024-11","Canada","2016A000011124","Finance and insurance [52]","Payroll employees","Number","223","units","0","v1446283318","1.11.2","850745","A","","","0"
"2024-01","Canada","2016A000011124","Finance and insurance [52]","Job vacancy rate","Percent","239","units","0","v1446283319","1.11.3","2.7","A","","","1"
"2024-02","Canada","2016A000011124","Finance and insurance [52]","Job vacancy rate","Percent","239","units","0","v1446283319","1.11.3","2.9","D","","","1"
"2024-03","Canada","2016A000011124","Finance and insurance [52]","Job vacancy rate","Percent","239","units","0","v1446283319","1.11.3","2.3","B","","","1"
"2024-04","Canada","2016A000011124","Finance and insurance [52]","Job vacancy rate","Percent","239","units","0","v1446283319","1.11.3","1.7","C","","","1"
"2024-05","Canada","2016A000011124","Finance and insurance [52]","Job vacancy rate","Percent","239","units","0","v1446283319","1.11.3","2.5","C","","","1"
"2024-06","Canada","2016A000011124","Finance and insurance [52]","Job vacancy rate","Percent","239","units","0","v1446283319","1.11.3","2.1","B","","","1"
"2024-07","Canada","2016A000011124","Finance and insurance [52]","Job vacancy rate","Percent","239","units","0","v1446283319","1.11.3","2.0","B","","","1"
"2024-08","Canada","2016A000011124","Finance and insurance [52]","Job vacancy rate","Percent","239","units","0","v1446283319","1.11.3","2.7","B","","","1"
"2024-09","Canada","2016A000011124","Finance and insurance [52]","Job vacancy rate","Percent","239","units","0","v1446283319","1.11.3","2.2","B","","","1"
"2024-10","Canada","2016A000011124","Finance and insurance [52]","Job vacancy rate","Percent","239","units","0","v1446283319","1.11.3","1.9","B","","","1"
"2024-11","Canada","2016A000011124","Finance and insurance [52]","Job vacancy rate","Percent","239","units","0","v1446283319","1.11.3","2.8","C","","","1"
"2024-01","Canada","2016A000011124","Real estate and rental and leasing [53]","Job vacancies","Number","223","units","0","v1446283320","1.12.1","8085","C","","","0"
"2024-02","Canada","2016A000011124","Real estate and rental and leasing [53]","Job vacancies","Number","223","units","0","v1446283320","1.12.1","7770","C","","","0"
"2024-03","Canada","2016A000011124","Real estate and rental and leasing [53]","Job vacancies","Number","223","units","0","v1446283320","1.12.1","7775","C","","","0"
"2024-04","Canada","2016A000011124","Real estate and rental and leasing [53]","Job vacancies","Number","223","units","0","v1446283320","1.12.1","6590","C","","","0"
"2024-05","Canada","2016A000011124","Real estate and rental and leasing [53]","Job vacancies","Number","223","units","0","v1446283320","1.12.1","7460","C","","","0"
"2024-06","Canada","2016A000011124","Real estate and rental and leasing [53]","Job vacancies","Number","223","units","0","v1446283320","1.12.1","6660","C","","","0"
"2024-07","Canada","2016A000011124","Real estate and rental and leasing [53]","Job vacancies","Number","223","units","0","v1446283320","1.12.1","8435","C","","","0"
"2024-08","Canada","2016A000011124","Real estate and rental and leasing [53]","Job vacancies","Number","223","units","0","v1446283320","1.12.1","7925","C","","","0"
"2024-09","Canada","2016A000011124","Real estate and rental and leasing [53]","Job vacancies","Number","223","units","0","v1446283320","1.12.1","7005","C","","","0"
"2024-10","Canada","2016A000011124","Real estate and rental and leasing [53]","Job vacancies","Number","223","units","0","v1446283320","1.12.1","7615","C","","","0"
"2024-11","Canada","2016A000011124","Real estate and rental and leasing [53]","Job vacancies","Number","223","units","0","v1446283320","1.12.1","7400","D","","","0"
"2024-01","Canada","2016A000011124","Real estate and rental and leasing [53]","Payroll employees","Number","223","units","0","v1446283321","1.12.2","290385","A","","","0"
"2024-02","Canada","2016A000011124","Real estate and rental and leasing [53]","Payroll employees","Number","223","units","0","v1446283321","1.12.2","291880","A","","","0"
"2024-03","Canada","2016A000011124","Real estate and rental and leasing [53]","Payroll employees","Number","223","units","0","v1446283321","1.12.2","292880","A","","","0"
"2024-04","Canada","2016A000011124","Real estate and rental and leasing [53]","Payroll employees","Number","223","units","0","v1446283321","1.12.2","292030","A","","","0"
"2024-05","Canada","2016A000011124","Real estate and rental and leasing [53]","Payroll employees","Number","223","units","0","v1446283321","1.12.2","293785","A","","","0"
"2024-06","Canada","2016A000011124","Real estate and rental and leasing [53]","Payroll employees","Number","223","units","0","v1446283321","1.12.2","294490","A","","","0"
"2024-07","Canada","2016A000011124","Real estate and rental and leasing [53]","Payroll employees","Number","223","units","0","v1446283321","1.12.2","293175","A","","","0"
"2024-08","Canada","2016A000011124","Real estate and rental and leasing [53]","Payroll employees","Number","223","units","0","v1446283321","1.12.2","295115","A","","","0"
"2024-09","Canada","2016A000011124","Real estate and rental and leasing [53]","Payroll employees","Number","223","units","0","v1446283321","1.12.2","294215","A","","","0"
"2024-10","Canada","2016A000011124","Real estate and rental and leasing [53]","Payroll employees","Number","223","units","0","v1446283321","1.12.2","292660","A","","","0"
"2024-11","Canada","2016A000011124","Real estate and rental and leasing [53]","Payroll employees","Number","223","units","0","v1446283321","1.12.2","293820","A","","","0"
"2024-01","Canada","2016A000011124","Real estate and rental and leasing [53]","Job vacancy rate","Percent","239","units","0","v1446283322","1.12.3","2.7","C","","","1"
"2024-02","Canada","2016A000011124","Real estate and rental and leasing [53]","Job vacancy rate","Percent","239","units","0","v1446283322","1.12.3","2.6","C","","","1"
"2024-03","Canada","2016A000011124","Real estate and rental and leasing [53]","Job vacancy rate","Percent","239","units","0","v1446283322","1.12.3","2.6","C","","","1"
"2024-04","Canada","2016A000011124","Real estate and rental and leasing [53]","Job vacancy rate","Percent","239","units","0","v1446283322","1.12.3","2.2","C","","","1"
"2024-05","Canada","2016A000011124","Real estate and rental and leasing [53]","Job vacancy rate","Percent","239","units","0","v1446283322","1.12.3","2.5","C","","","1"
"2024-06","Canada","2016A000011124","Real estate and rental and leasing [53]","Job vacancy rate","Percent","239","units","0","v1446283322","1.12.3","2.2","C","","","1"
"2024-07","Canada","2016A000011124","Real estate and rental and leasing [53]","Job vacancy rate","Percent","239","units","0","v1446283322","1.12.3","2.8","C","","","1"
"2024-08","Canada","2016A000011124","Real estate and rental and leasing [53]","Job vacancy rate","Percent","239","units","0","v1446283322","1.12.3","2.6","C","","","1"
"2024-09","Canada","2016A000011124","Real estate and rental and leasing [53]","Job vacancy rate","Percent","239","units","0","v1446283322","1.12.3","2.3","C","","","1"
"2024-10","Canada","2016A000011124","Real estate and rental and leasing [53]","Job vacancy rate","Percent","239","units","0","v1446283322","1.12.3","2.5","B","","","1"
"2024-11","Canada","2016A000011124","Real estate and rental and leasing [53]","Job vacancy rate","Percent","239","units","0","v1446283322","1.12.3","2.5","D","","","1"
"2024-01","Canada","2016A000011124","Professional, scientific and technical services [54]","Job vacancies","Number","223","units","0","v1446283323","1.13.1","45760","B","","","0"
"2024-02","Canada","2016A000011124","Professional, scientific and technical services [54]","Job vacancies","Number","223","units","0","v1446283323","1.13.1","43320","B","","","0"
"2024-03","Canada","2016A000011124","Professional, scientific and technical services [54]","Job vacancies","Number","223","units","0","v1446283323","1.13.1","40815","B","","","0"
"2024-04","Canada","2016A000011124","Professional, scientific and technical services [54]","Job vacancies","Number","223","units","0","v1446283323","1.13.1","41070","B","","","0"
"2024-05","Canada","2016A000011124","Professional, scientific and technical services [54]","Job vacancies","Number","223","units","0","v1446283323","1.13.1","39000","B","","","0"
"2024-06","Canada","2016A000011124","Professional, scientific and technical services [54]","Job vacancies","Number","223","units","0","v1446283323","1.13.1","35810","B","","","0"
"2024-07","Canada","2016A000011124","Professional, scientific and technical services [54]","Job vacancies","Number","223","units","0","v1446283323","1.13.1","38430","B","","","0"
"2024-08","Canada","2016A000011124","Professional, scientific and technical services [54]","Job vacancies","Number","223","units","0","v1446283323","1.13.1","40245","B","","","0"
"2024-09","Canada","2016A000011124","Professional, scientific and technical services [54]","Job vacancies","Number","223","units","0","v1446283323","1.13.1","39595","B","","","0"
"2024-10","Canada","2016A000011124","Professional, scientific and technical services [54]","Job vacancies","Number","223","units","0","v1446283323","1.13.1","36495","B","","","0"
"2024-11","Canada","2016A000011124","Professional, scientific and technical services [54]","Job vacancies","Number","223","units","0","v1446283323","1.13.1","37010","B","","","0"
"2024-01","Canada","2016A000011124","Professional, scientific and technical services [54]","Payroll employees","Number","223","units","0","v1446283324","1.13.2","1222240","A","","","0"
"2024-02","Canada","2016A000011124","Professional, scientific and technical services [54]","Payroll employees","Number","223","units","0","v1446283324","1.13.2","1224000","A","","","0"
"2024-03","Canada","2016A000011124","Professional, scientific and technical services [54]","Payroll employees","Number","223","units","0","v1446283324","1.13.2","1224665","A","","","0"
"2024-04","Canada","2016A000011124","Professional, scientific and technical services [54]","Payroll employees","Number","223","units","0","v1446283324","1.13.2","1226735","A","","","0"
"2024-05","Canada","2016A000011124","Professional, scientific and technical services [54]","Payroll employees","Number","223","units","0","v1446283324","1.13.2","1224810","A","","","0"
"2024-06","Canada","2016A000011124","Professional, scientific and technical services [54]","Payroll employees","Number","223","units","0","v1446283324","1.13.2","1225805","A","","","0"
"2024-07","Canada","2016A000011124","Professional, scientific and technical services [54]","Payroll employees","Number","223","units","0","v1446283324","1.13.2","1226125","A","","","0"
"2024-08","Canada","2016A000011124","Professional, scientific and technical services [54]","Payroll employees","Number","223","units","0","v1446283324","1.13.2","1226595","A","","","0"
"2024-09","Canada","2016A000011124","Professional, scientific and technical services [54]","Payroll employees","Number","223","units","0","v1446283324","1.13.2","1225550","A","","","0"
"2024-10","Canada","2016A000011124","Professional, scientific and technical services [54]","Payroll employees","Number","223","units","0","v1446283324","1.13.2","1220405","A","","","0"
"2024-11","Canada","2016A000011124","Professional, scientific and technical services [54]","Payroll employees","Number","223","units","0","v1446283324","1.13.2","1219475","A","","","0"
"2024-01","Canada","2016A000011124","Professional, scientific and technical services [54]","Job vacancy rate","Percent","239","units","0","v1446283325","1.13.3","3.6","B","","","1"
"2024-02","Canada","2016A000011124","Professional, scientific and technical services [54]","Job vacancy rate","Percent","239","units","0","v1446283325","1.13.3","3.4","B","","","1"
"2024-03","Canada","2016A000011124","Professional, scientific and technical services [54]","Job vacancy rate","Percent","239","units","0","v1446283325","1.13.3","3.2","B","","","1"
"2024-04","Canada","2016A000011124","Professional, scientific and technical services [54]","Job vacancy rate","Percent","239","units","0","v1446283325","1.13.3","3.2","B","","","1"
"2024-05","Canada","2016A000011124","Professional, scientific and technical services [54]","Job vacancy rate","Percent","239","units","0","v1446283325","1.13.3","3.1","B","","","1"
"2024-06","Canada","2016A000011124","Professional, scientific and technical services [54]","Job vacancy rate","Percent","239","units","0","v1446283325","1.13.3","2.8","B","","","1"
"2024-07","Canada","2016A000011124","Professional, scientific and technical services [54]","Job vacancy rate","Percent","239","units","0","v1446283325","1.13.3","3.0","B","","","1"
"2024-08","Canada","2016A000011124","Professional, scientific and technical services [54]","Job vacancy rate","Percent","239","units","0","v1446283325","1.13.3","3.2","B","","","1"
"2024-09","Canada","2016A000011124","Professional, scientific and technical services [54]","Job vacancy rate","Percent","239","units","0","v1446283325","1.13.3","3.1","B","","","1"
"2024-10","Canada","2016A000011124","Professional, scientific and technical services [54]","Job vacancy rate","Percent","239","units","0","v1446283325","1.13.3","2.9","B","","","1"
"2024-11","Canada","2016A000011124","Professional, scientific and technical services [54]","Job vacancy rate","Percent","239","units","0","v1446283325","1.13.3","2.9","B","","","1"
"2024-01","Canada","2016A000011124","Management of companies and enterprises [55]","Job vacancies","Number","223","units","0","v1446283326","1.14.1","2550","C","","","0"
"2024-02","Canada","2016A000011124","Management of companies and enterprises [55]","Job vacancies","Number","223","units","0","v1446283326","1.14.1","2665","B","","","0"
"2024-03","Canada","2016A000011124","Management of companies and enterprises [55]","Job vacancies","Number","223","units","0","v1446283326","1.14.1","2800","C","","","0"
"2024-04","Canada","2016A000011124","Management of companies and enterprises [55]","Job vacancies","Number","223","units","0","v1446283326","1.14.1","2340","C","","","0"
"2024-05","Canada","2016A000011124","Management of companies and enterprises [55]","Job vacancies","Number","223","units","0","v1446283326","1.14.1","2710","C","","","0"
"2024-06","Canada","2016A000011124","Management of companies and enterprises [55]","Job vacancies","Number","223","units","0","v1446283326","1.14.1","2720","D","","","0"
"2024-07","Canada","2016A000011124","Management of companies and enterprises [55]","Job vacancies","Number","223","units","0","v1446283326","1.14.1","2255","B","","","0"
"2024-08","Canada","2016A000011124","Management of companies and enterprises [55]","Job vacancies","Number","223","units","0","v1446283326","1.14.1","2425","B","","","0"
"2024-09","Canada","2016A000011124","Management of companies and enterprises [55]","Job vacancies","Number","223","units","0","v1446283326","1.14.1","2370","D","","","0"
"2024-10","Canada","2016A000011124","Management of companies and enterprises [55]","Job vacancies","Number","223","units","0","v1446283326","1.14.1","2365","C","","","0"
"2024-11","Canada","2016A000011124","Management of companies and enterprises [55]","Job vacancies","Number","223","units","0","v1446283326","1.14.1","2130","C","","","0"
"2024-01","Canada","2016A000011124","Management of companies and enterprises [55]","Payroll employees","Number","223","units","0","v1446283327","1.14.2","121695","A","","","0"
"2024-02","Canada","2016A000011124","Management of companies and enterprises [55]","Payroll employees","Number","223","units","0","v1446283327","1.14.2","121170","A","","","0"
"2024-03","Canada","2016A000011124","Management of companies and enterprises [55]","Payroll employees","Number","223","units","0","v1446283327","1.14.2","118005","A","","","0"
"2024-04","Canada","2016A000011124","Management of companies and enterprises [55]","Payroll employees","Number","223","units","0","v1446283327","1.14.2","119490","A","","","0"
"2024-05","Canada","2016A000011124","Management of companies and enterprises [55]","Payroll employees","Number","223","units","0","v1446283327","1.14.2","122610","A","","","0"
"2024-06","Canada","2016A000011124","Management of companies and enterprises [55]","Payroll employees","Number","223","units","0","v1446283327","1.14.2","123535","A","","","0"
"2024-07","Canada","2016A000011124","Management of companies and enterprises [55]","Payroll employees","Number","223","units","0","v1446283327","1.14.2","120755","A","","","0"
"2024-08","Canada","2016A000011124","Management of companies and enterprises [55]","Payroll employees","Number","223","units","0","v1446283327","1.14.2","120920","A","","","0"
"2024-09","Canada","2016A000011124","Management of companies and enterprises [55]","Payroll employees","Number","223","units","0","v1446283327","1.14.2","120145","A","","","0"
"2024-10","Canada","2016A000011124","Management of companies and enterprises [55]","Payroll employees","Number","223","units","0","v1446283327","1.14.2","120405","A","","","0"
"2024-11","Canada","2016A000011124","Management of companies and enterprises [55]","Payroll employees","Number","223","units","0","v1446283327","1.14.2","119520","A","","","0"
"2024-01","Canada","2016A000011124","Management of companies and enterprises [55]","Job vacancy rate","Percent","239","units","0","v1446283328","1.14.3","2.1","C","","","1"
"2024-02","Canada","2016A000011124","Management of companies and enterprises [55]","Job vacancy rate","Percent","239","units","0","v1446283328","1.14.3","2.2","B","","","1"
"2024-03","Canada","2016A000011124","Management of companies and enterprises [55]","Job vacancy rate","Percent","239","units","0","v1446283328","1.14.3","2.3","C","","","1"
"2024-04","Canada","2016A000011124","Management of companies and enterprises [55]","Job vacancy rate","Percent","239","units","0","v1446283328","1.14.3","1.9","C","","","1"
"2024-05","Canada","2016A000011124","Management of companies and enterprises [55]","Job vacancy rate","Percent","239","units","0","v1446283328","1.14.3","2.2","C","","","1"
"2024-06","Canada","2016A000011124","Management of companies and enterprises [55]","Job vacancy rate","Percent","239","units","0","v1446283328","1.14.3","2.2","D","","","1"
"2024-07","Canada","2016A000011124","Management of companies and enterprises [55]","Job vacancy rate","Percent","239","units","0","v1446283328","1.14.3","1.8","B","","","1"
"2024-08","Canada","2016A000011124","Management of companies and enterprises [55]","Job vacancy rate","Percent","239","units","0","v1446283328","1.14.3","2.0","B","","","1"
"2024-09","Canada","2016A000011124","Management of companies and enterprises [55]","Job vacancy rate","Percent","239","units","0","v1446283328","1.14.3","1.9","D","","","1"
"2024-10","Canada","2016A000011124","Management of companies and enterprises [55]","Job vacancy rate","Percent","239","units","0","v1446283328","1.14.3","1.9","C","","","1"
"2024-11","Canada","2016A000011124","Management of companies and enterprises [55]","Job vacancy rate","Percent","239","units","0","v1446283328","1.14.3","1.8","C","","","1"
"2024-01","Canada","2016A000011124","Administrative and support, waste management and remediation services [56]","Job vacancies","Number","223","units","0","v1446283329","1.15.1","37060","B","","","0"
"2024-02","Canada","2016A000011124","Administrative and support, waste management and remediation services [56]","Job vacancies","Number","223","units","0","v1446283329","1.15.1","36550","D","","","0"
"2024-03","Canada","2016A000011124","Administrative and support, waste management and remediation services [56]","Job vacancies","Number","223","units","0","v1446283329","1.15.1","33640","B","","","0"
"2024-04","Canada","2016A000011124","Administrative and support, waste management and remediation services [56]","Job vacancies","Number","223","units","0","v1446283329","1.15.1","31870","B","","","0"
"2024-05","Canada","2016A000011124","Administrative and support, waste management and remediation services [56]","Job vacancies","Number","223","units","0","v1446283329","1.15.1","28015","C","","","0"
"2024-06","Canada","2016A000011124","Administrative and support, waste management and remediation services [56]","Job vacancies","Number","223","units","0","v1446283329","1.15.1","30745","B","","","0"
"2024-07","Canada","2016A000011124","Administrative and support, waste management and remediation services [56]","Job vacancies","Number","223","units","0","v1446283329","1.15.1","28070","B","","","0"
"2024-08","Canada","2016A000011124","Administrative and support, waste management and remediation services [56]","Job vacancies","Number","223","units","0","v1446283329","1.15.1","29850","C","","","0"
"2024-09","Canada","2016A000011124","Administrative and support, waste management and remediation services [56]","Job vacancies","Number","223","units","0","v1446283329","1.15.1","26540","B","","","0"
"2024-10","Canada","2016A000011124","Administrative and support, waste management and remediation services [56]","Job vacancies","Number","223","units","0","v1446283329","1.15.1","28120","B","","","0"
"2024-11","Canada","2016A000011124","Administrative and support, waste management and remediation services [56]","Job vacancies","Number","223","units","0","v1446283329","1.15.1","26570","D","","","0"
"2024-01","Canada","2016A000011124","Administrative and support, waste management and remediation services [56]","Payroll employees","Number","223","units","0","v1446283330","1.15.2","834015","A","","","0"
"2024-02","Canada","2016A000011124","Administrative and support, waste management and remediation services [56]","Payroll employees","Number","223","units","0","v1446283330","1.15.2","831605","A","","","0"
"2024-03","Canada","2016A000011124","Administrative and support, waste management and remediation services [56]","Payroll employees","Number","223","units","0","v1446283330","1.15.2","827310","A","","","0"
"2024-04","Canada","2016A000011124","Administrative and support, waste management and remediation services [56]","Payroll employees","Number","223","units","0","v1446283330","1.15.2","831375","A","","","0"
"2024-05","Canada","2016A000011124","Administrative and support, waste management and remediation services [56]","Payroll employees","Number","223","units","0","v1446283330","1.15.2","826345","A","","","0"
"2024-06","Canada","2016A000011124","Administrative and support, waste management and remediation services [56]","Payroll employees","Number","223","units","0","v1446283330","1.15.2","828840","A","","","0"
"2024-07","Canada","2016A000011124","Administrative and support, waste management and remediation services [56]","Payroll employees","Number","223","units","0","v1446283330","1.15.2","819015","A","","","0"
"2024-08","Canada","2016A000011124","Administrative and support, waste management and remediation services [56]","Payroll employees","Number","223","units","0","v1446283330","1.15.2","819255","A","","","0"
"2024-09","Canada","2016A000011124","Administrative and support, waste management and remediation services [56]","Payroll employees","Number","223","units","0","v1446283330","1.15.2","818465","A","","","0"
"2024-10","Canada","2016A000011124","Administrative and support, waste management and remediation services [56]","Payroll employees","Number","223","units","0","v1446283330","1.15.2","817645","A","","","0"
"2024-11","Canada","2016A000011124","Administrative and support, waste management and remediation services [56]","Payroll employees","Number","223","units","0","v1446283330","1.15.2","816780","A","","","0"
"2024-01","Canada","2016A000011124","Administrative and support, waste management and remediation services [56]","Job vacancy rate","Percent","239","units","0","v1446283331","1.15.3","4.3","B","","","1"
"2024-02","Canada","2016A000011124","Administrative and support, waste management and remediation services [56]","Job vacancy rate","Percent","239","units","0","v1446283331","1.15.3","4.2","D","","","1"
"2024-03","Canada","2016A000011124","Administrative and support, waste management and remediation services [56]","Job vacancy rate","Percent","239","units","0","v1446283331","1.15.3","3.9","B","","","1"
"2024-04","Canada","2016A000011124","Administrative and support, waste management and remediation services [56]","Job vacancy rate","Percent","239","units","0","v1446283331","1.15.3","3.7","B","","","1"
"2024-05","Canada","2016A000011124","Administrative and support, waste management and remediation services [56]","Job vacancy rate","Percent","239","units","0","v1446283331","1.15.3","3.3","C","","","1"
"2024-06","Canada","2016A000011124","Administrative and support, waste management and remediation services [56]","Job vacancy rate","Percent","239","units","0","v1446283331","1.15.3","3.6","B","","","1"
"2024-07","Canada","2016A000011124","Administrative and support, waste management and remediation services [56]","Job vacancy rate","Percent","239","units","0","v1446283331","1.15.3","3.3","B","","","1"
"2024-08","Canada","2016A000011124","Administrative and support, waste management and remediation services [56]","Job vacancy rate","Percent","239","units","0","v1446283331","1.15.3","3.5","C","","","1"
"2024-09","Canada","2016A000011124","Administrative and support, waste management and remediation services [56]","Job vacancy rate","Percent","239","units","0","v1446283331","1.15.3","3.1","B","","","1"
"2024-10","Canada","2016A000011124","Administrative and support, waste management and remediation services [56]","Job vacancy rate","Percent","239","units","0","v1446283331","1.15.3","3.3","B","","","1"
"2024-11","Canada","2016A000011124","Administrative and support, waste management and remediation services [56]","Job vacancy rate","Percent","239","units","0","v1446283331","1.15.3","3.2","D","","","1"
"2024-01","Canada","2016A000011124","Educational services [61]","Job vacancies","Number","223","units","0","v1446283332","1.16.1","22275","B","","","0"
"2024-02","Canada","2016A000011124","Educational services [61]","Job vacancies","Number","223","units","0","v1446283332","1.16.1","20580","B","","","0"
"2024-03","Canada","2016A000011124","Educational services [61]","Job vacancies","Number","223","units","0","v1446283332","1.16.1","23730","B","","","0"
"2024-04","Canada","2016A000011124","Educational services [61]","Job vacancies","Number","223","units","0","v1446283332","1.16.1","22035","B","","","0"
"2024-05","Canada","2016A000011124","Educational services [61]","Job vacancies","Number","223","units","0","v1446283332","1.16.1","20270","C","","","0"
"2024-06","Canada","2016A000011124","Educational services [61]","Job vacancies","Number","223","units","0","v1446283332","1.16.1","22880","B","","","0"
"2024-07","Canada","2016A000011124","Educational services [61]","Job vacancies","Number","223","units","0","v1446283332","1.16.1","21145","B","","","0"
"2024-08","Canada","2016A000011124","Educational services [61]","Job vacancies","Number","223","units","0","v1446283332","1.16.1","20540","B","","","0"
"2024-09","Canada","2016A000011124","Educational services [61]","Job vacancies","Number","223","units","0","v1446283332","1.16.1","20685","B","","","0"
"2024-10","Canada","2016A000011124","Educational services [61]","Job vacancies","Number","223","units","0","v1446283332","1.16.1","19985","B","","","0"
"2024-11","Canada","2016A000011124","Educational services [61]","Job vacancies","Number","223","units","0","v1446283332","1.16.1","19100","C","","","0"
"2024-01","Canada","2016A000011124","Educational services [61]","Payroll employees","Number","223","units","0","v1446283333","1.16.2","1440025","A","","","0"
"2024-02","Canada","2016A000011124","Educational services [61]","Payroll employees","Number","223","units","0","v1446283333","1.16.2","1442525","A","","","0"
"2024-03","Canada","2016A000011124","Educational services [61]","Payroll employees","Number","223","units","0","v1446283333","1.16.2","1452695","A","","","0"
"2024-04","Canada","2016A000011124","Educational services [61]","Payroll employees","Number","223","units","0","v1446283333","1.16.2","1459030","A","","","0"
"2024-05","Canada","2016A000011124","Educational services [61]","Payroll employees","Number","223","units","0","v1446283333","1.16.2","1466475","A","","","0"
"2024-06","Canada","2016A000011124","Educational services [61]","Payroll employees","Number","223","units","0","v1446283333","1.16.2","1474355","A","","","0"
"2024-07","Canada","2016A000011124","Educational services [61]","Payroll employees","Number","223","units","0","v1446283333","1.16.2","1473170","A","","","0"
"2024-08","Canada","2016A000011124","Educational services [61]","Payroll employees","Number","223","units","0","v1446283333","1.16.2","1465210","A","","","0"
"2024-09","Canada","2016A000011124","Educational services [61]","Payroll employees","Number","223","units","0","v1446283333","1.16.2","1470410","A","","","0"
"2024-10","Canada","2016A000011124","Educational services [61]","Payroll employees","Number","223","units","0","v1446283333","1.16.2","1477835","A","","","0"
"2024-11","Canada","2016A000011124","Educational services [61]","Payroll employees","Number","223","units","0","v1446283333","1.16.2","1477285","A","","","0"
"2024-01","Canada","2016A000011124","Educational services [61]","Job vacancy rate","Percent","239","units","0","v1446283334","1.16.3","1.5","B","","","1"
"2024-02","Canada","2016A000011124","Educational services [61]","Job vacancy rate","Percent","239","units","0","v1446283334","1.16.3","1.4","B","","","1"
"2024-03","Canada","2016A000011124","Educational services [61]","Job vacancy rate","Percent","239","units","0","v1446283334","1.16.3","1.6","B","","","1"
"2024-04","Canada","2016A000011124","Educational services [61]","Job vacancy rate","Percent","239","units","0","v1446283334","1.16.3","1.5","B","","","1"
"2024-05","Canada","2016A000011124","Educational services [61]","Job vacancy rate","Percent","239","units","0","v1446283334","1.16.3","1.4","C","","","1"
"2024-06","Canada","2016A000011124","Educational services [61]","Job vacancy rate","Percent","239","units","0","v1446283334","1.16.3","1.5","B","","","1"
"2024-07","Canada","2016A000011124","Educational services [61]","Job vacancy rate","Percent","239","units","0","v1446283334","1.16.3","1.4","B","","","1"
"2024-08","Canada","2016A000011124","Educational services [61]","Job vacancy rate","Percent","239","units","0","v1446283334","1.16.3","1.4","B","","","1"
"2024-09","Canada","2016A000011124","Educational services [61]","Job vacancy rate","Percent","239","units","0","v1446283334","1.16.3","1.4","B","","","1"
"2024-10","Canada","2016A000011124","Educational services [61]","Job vacancy rate","Percent","239","units","0","v1446283334","1.16.3","1.3","B","","","1"
"2024-11","Canada","2016A000011124","Educational services [61]","Job vacancy rate","Percent","239","units","0","v1446283334","1.16.3","1.3","C","","","1"
"2024-01","Canada","2016A000011124","Health care and social assistance [62]","Job vacancies","Number","223","units","0","v1446283335","1.17.1","144260","A","","","0"
"2024-02","Canada","2016A000011124","Health care and social assistance [62]","Job vacancies","Number","223","units","0","v1446283335","1.17.1","129600","A","","","0"
"2024-03","Canada","2016A000011124","Health care and social assistance [62]","Job vacancies","Number","223","units","0","v1446283335","1.17.1","122590","A","","","0"
"2024-04","Canada","2016A000011124","Health care and social assistance [62]","Job vacancies","Number","223","units","0","v1446283335","1.17.1","136760","B","","","0"
"2024-05","Canada","2016A000011124","Health care and social assistance [62]","Job vacancies","Number","223","units","0","v1446283335","1.17.1","126885","A","","","0"
"2024-06","Canada","2016A000011124","Health care and social assistance [62]","Job vacancies","Number","223","units","0","v1446283335","1.17.1","120500","A","","","0"
"2024-07","Canada","2016A000011124","Health care and social assistance [62]","Job vacancies","Number","223","units","0","v1446283335","1.17.1","127515","A","","","0"
"2024-08","Canada","2016A000011124","Health care and social assistance [62]","Job vacancies","Number","223","units","0","v1446283335","1.17.1","115790","C","","","0"
"2024-09","Canada","2016A000011124","Health care and social assistance [62]","Job vacancies","Number","223","units","0","v1446283335","1.17.1","114195","A","","","0"
"2024-10","Canada","2016A000011124","Health care and social assistance [62]","Job vacancies","Number","223","units","0","v1446283335","1.17.1","122165","A","","","0"
"2024-11","Canada","2016A000011124","Health care and social assistance [62]","Job vacancies","Number","223","units","0","v1446283335","1.17.1","115960","C","","","0"
"2024-01","Canada","2016A000011124","Health care and social assistance [62]","Payroll employees","Number","223","units","0","v1446283336","1.17.2","2346785","A","","","0"
"2024-02","Canada","2016A000011124","Health care and social assistance [62]","Payroll employees","Number","223","units","0","v1446283336","1.17.2","2348540","A","","","0"
"2024-03","Canada","2016A000011124","Health care and social assistance [62]","Payroll employees","Number","223","units","0","v1446283336","1.17.2","2353260","A","","","0"
"2024-04","Canada","2016A000011124","Health care and social assistance [62]","Payroll employees","Number","223","units","0","v1446283336","1.17.2","2364465","A","","","0"
"2024-05","Canada","2016A000011124","Health care and social assistance [62]","Payroll employees","Number","223","units","0","v1446283336","1.17.2","2369355","A","","","0"
"2024-06","Canada","2016A000011124","Health care and social assistance [62]","Payroll employees","Number","223","units","0","v1446283336","1.17.2","2380980","A","","","0"
"2024-07","Canada","2016A000011124","Health care and social assistance [62]","Payroll employees","Number","223","units","0","v1446283336","1.17.2","2378785","A","","","0"
"2024-08","Canada","2016A000011124","Health care and social assistance [62]","Payroll employees","Number","223","units","0","v1446283336","1.17.2","2392035","A","","","0"
"2024-09","Canada","2016A000011124","Health care and social assistance [62]","Payroll employees","Number","223","units","0","v1446283336","1.17.2","2401295","A","","","0"
"2024-10","Canada","2016A000011124","Health care and social assistance [62]","Payroll employees","Number","223","units","0","v1446283336","1.17.2","2403605","A","","","0"
"2024-11","Canada","2016A000011124","Health care and social assistance [62]","Payroll employees","Number","223","units","0","v1446283336","1.17.2","2411235","A","","","0"
"2024-01","Canada","2016A000011124","Health care and social assistance [62]","Job vacancy rate","Percent","239","units","0","v1446283337","1.17.3","5.8","A","","","1"
"2024-02","Canada","2016A000011124","Health care and social assistance [62]","Job vacancy rate","Percent","239","units","0","v1446283337","1.17.3","5.2","A","","","1"
"2024-03","Canada","2016A000011124","Health care and social assistance [62]","Job vacancy rate","Percent","239","units","0","v1446283337","1.17.3","5.0","A","","","1"
"2024-04","Canada","2016A000011124","Health care and social assistance [62]","Job vacancy rate","Percent","239","units","0","v1446283337","1.17.3","5.5","B","","","1"
"2024-05","Canada","2016A000011124","Health care and social assistance [62]","Job vacancy rate","Percent","239","units","0","v1446283337","1.17.3","5.1","A","","","1"
"2024-06","Canada","2016A000011124","Health care and social assistance [62]","Job vacancy rate","Percent","239","units","0","v1446283337","1.17.3","4.8","A","","","1"
"2024-07","Canada","2016A000011124","Health care and social assistance [62]","Job vacancy rate","Percent","239","units","0","v1446283337","1.17.3","5.1","A","","","1"
"2024-08","Canada","2016A000011124","Health care and social assistance [62]","Job vacancy rate","Percent","239","units","0","v1446283337","1.17.3","4.6","C","","","1"
"2024-09","Canada","2016A000011124","Health care and social assistance [62]","Job vacancy rate","Percent","239","units","0","v1446283337","1.17.3","4.5","A","","","1"
"2024-10","Canada","2016A000011124","Health care and social assistance [62]","Job vacancy rate","Percent","239","units","0","v1446283337","1.17.3","4.8","A","","","1"
"2024-11","Canada","2016A000011124","Health care and social assistance [62]","Job vacancy rate","Percent","239","units","0","v1446283337","1.17.3","4.6","C","","","1"
"2024-01","Canada","2016A000011124","Arts, entertainment and recreation [71]","Job vacancies","Number","223","units","0","v1446283338","1.18.1","12025","B","","","0"
"2024-02","Canada","2016A000011124","Arts, entertainment and recreation [71]","Job vacancies","Number","223","units","0","v1446283338","1.18.1","12125","D","","","0"
"2024-03","Canada","2016A000011124","Arts, entertainment and recreation [71]","Job vacancies","Number","223","units","0","v1446283338","1.18.1","12140","B","","","0"
"2024-04","Canada","2016A000011124","Arts, entertainment and recreation [71]","Job vacancies","Number","223","units","0","v1446283338","1.18.1","9385","C","","","0"
"2024-05","Canada","2016A000011124","Arts, entertainment and recreation [71]","Job vacancies","Number","223","units","0","v1446283338","1.18.1","7110","D","","","0"
"2024-06","Canada","2016A000011124","Arts, entertainment and recreation [71]","Job vacancies","Number","223","units","0","v1446283338","1.18.1","8030","B","","","0"
"2024-07","Canada","2016A000011124","Arts, entertainment and recreation [71]","Job vacancies","Number","223","units","0","v1446283338","1.18.1","9270","B","","","0"
"2024-08","Canada","2016A000011124","Arts, entertainment and recreation [71]","Job vacancies","Number","223","units","0","v1446283338","1.18.1","8745","B","","","0"
"2024-09","Canada","2016A000011124","Arts, entertainment and recreation [71]","Job vacancies","Number","223","units","0","v1446283338","1.18.1","9415","B","","","0"
"2024-10","Canada","2016A000011124","Arts, entertainment and recreation [71]","Job vacancies","Number","223","units","0","v1446283338","1.18.1","8255","C","","","0"
"2024-11","Canada","2016A000011124","Arts, entertainment and recreation [71]","Job vacancies","Number","223","units","0","v1446283338","1.18.1","7405","C","","","0"
"2024-01","Canada","2016A000011124","Arts, entertainment and recreation [71]","Payroll employees","Number","223","units","0","v1446283339","1.18.2","314880","A","","","0"
"2024-02","Canada","2016A000011124","Arts, entertainment and recreation [71]","Payroll employees","Number","223","units","0","v1446283339","1.18.2","315000","A","","","0"
"2024-03","Canada","2016A000011124","Arts, entertainment and recreation [71]","Payroll employees","Number","223","units","0","v1446283339","1.18.2","314785","A","","","0"
"2024-04","Canada","2016A000011124","Arts, entertainment and recreation [71]","Payroll employees","Number","223","units","0","v1446283339","1.18.2","314130","A","","","0"
"2024-05","Canada","2016A000011124","Arts, entertainment and recreation [71]","Payroll employees","Number","223","units","0","v1446283339","1.18.2","316125","A","","","0"
"2024-06","Canada","2016A000011124","Arts, entertainment and recreation [71]","Payroll employees","Number","223","units","0","v1446283339","1.18.2","318245","A","","","0"
"2024-07","Canada","2016A000011124","Arts, entertainment and recreation [71]","Payroll employees","Number","223","units","0","v1446283339","1.18.2","318030","A","","","0"
"2024-08","Canada","2016A000011124","Arts, entertainment and recreation [71]","Payroll employees","Number","223","units","0","v1446283339","1.18.2","319415","A","","","0"
"2024-09","Canada","2016A000011124","Arts, entertainment and recreation [71]","Payroll employees","Number","223","units","0","v1446283339","1.18.2","316945","A","","","0"
"2024-10","Canada","2016A000011124","Arts, entertainment and recreation [71]","Payroll employees","Number","223","units","0","v1446283339","1.18.2","316820","A","","","0"
"2024-11","Canada","2016A000011124","Arts, entertainment and recreation [71]","Payroll employees","Number","223","units","0","v1446283339","1.18.2","319855","A","","","0"
"2024-01","Canada","2016A000011124","Arts, entertainment and recreation [71]","Job vacancy rate","Percent","239","units","0","v1446283340","1.18.3","3.7","B","","","1"
"2024-02","Canada","2016A000011124","Arts, entertainment and recreation [71]","Job vacancy rate","Percent","239","units","0","v1446283340","1.18.3","3.7","D","","","1"
"2024-03","Canada","2016A000011124","Arts, entertainment and recreation [71]","Job vacancy rate","Percent","239","units","0","v1446283340","1.18.3","3.7","B","","","1"
"2024-04","Canada","2016A000011124","Arts, entertainment and recreation [71]","Job vacancy rate","Percent","239","units","0","v1446283340","1.18.3","2.9","B","","","1"
"2024-05","Canada","2016A000011124","Arts, entertainment and recreation [71]","Job vacancy rate","Percent","239","units","0","v1446283340","1.18.3","2.2","D","","","1"
"2024-06","Canada","2016A000011124","Arts, entertainment and recreation [71]","Job vacancy rate","Percent","239","units","0","v1446283340","1.18.3","2.5","B","","","1"
"2024-07","Canada","2016A000011124","Arts, entertainment and recreation [71]","Job vacancy rate","Percent","239","units","0","v1446283340","1.18.3","2.8","B","","","1"
"2024-08","Canada","2016A000011124","Arts, entertainment and recreation [71]","Job vacancy rate","Percent","239","units","0","v1446283340","1.18.3","2.7","B","","","1"
"2024-09","Canada","2016A000011124","Arts, entertainment and recreation [71]","Job vacancy rate","Percent","239","units","0","v1446283340","1.18.3","2.9","B","","","1"
"2024-10","Canada","2016A000011124","Arts, entertainment and recreation [71]","Job vacancy rate","Percent","239","units","0","v1446283340","1.18.3","2.5","B","","","1"
"2024-11","Canada","2016A000011124","Arts, entertainment and recreation [71]","Job vacancy rate","Percent","239","units","0","v1446283340","1.18.3","2.3","C","","","1"
"2024-01","Canada","2016A000011124","Accommodation and food services [72]","Job vacancies","Number","223","units","0","v1446283341","1.19.1","82045","B","","","0"
"2024-02","Canada","2016A000011124","Accommodation and food services [72]","Job vacancies","Number","223","units","0","v1446283341","1.19.1","79895","B","","","0"
"2024-03","Canada","2016A000011124","Accommodation and food services [72]","Job vacancies","Number","223","units","0","v1446283341","1.19.1","67475","B","","","0"
"2024-04","Canada","2016A000011124","Accommodation and food services [72]","Job vacancies","Number","223","units","0","v1446283341","1.19.1","71575","B","","","0"
"2024-05","Canada","2016A000011124","Accommodation and food services [72]","Job vacancies","Number","223","units","0","v1446283341","1.19.1","66815","A","","","0"
"2024-06","Canada","2016A000011124","Accommodation and food services [72]","Job vacancies","Number","223","units","0","v1446283341","1.19.1","59705","B","","","0"
"2024-07","Canada","2016A000011124","Accommodation and food services [72]","Job vacancies","Number","223","units","0","v1446283341","1.19.1","54115","B","","","0"
"2024-08","Canada","2016A000011124","Accommodation and food services [72]","Job vacancies","Number","223","units","0","v1446283341","1.19.1","52180","B","","","0"
"2024-09","Canada","2016A000011124","Accommodation and food services [72]","Job vacancies","Number","223","units","0","v1446283341","1.19.1","53785","B","","","0"
"2024-10","Canada","2016A000011124","Accommodation and food services [72]","Job vacancies","Number","223","units","0","v1446283341","1.19.1","54710","B","","","0"
"2024-11","Canada","2016A000011124","Accommodation and food services [72]","Job vacancies","Number","223","units","0","v1446283341","1.19.1","58220","B","","","0"
"2024-01","Canada","2016A000011124","Accommodation and food services [72]","Payroll employees","Number","223","units","0","v1446283342","1.19.2","1296970","A","","","0"
"2024-02","Canada","2016A000011124","Accommodation and food services [72]","Payroll employees","Number","223","units","0","v1446283342","1.19.2","1318555","A","","","0"
"2024-03","Canada","2016A000011124","Accommodation and food services [72]","Payroll employees","Number","223","units","0","v1446283342","1.19.2","1313270","A","","","0"
"2024-04","Canada","2016A000011124","Accommodation and food services [72]","Payroll employees","Number","223","units","0","v1446283342","1.19.2","1311715","A","","","0"
"2024-05","Canada","2016A000011124","Accommodation and food services [72]","Payroll employees","Number","223","units","0","v1446283342","1.19.2","1305980","A","","","0"
"2024-06","Canada","2016A000011124","Accommodation and food services [72]","Payroll employees","Number","223","units","0","v1446283342","1.19.2","1304730","A","","","0"
"2024-07","Canada","2016A000011124","Accommodation and food services [72]","Payroll employees","Number","223","units","0","v1446283342","1.19.2","1292585","A","","","0"
"2024-08","Canada","2016A000011124","Accommodation and food services [72]","Payroll employees","Number","223","units","0","v1446283342","1.19.2","1294310","A","","","0"
"2024-09","Canada","2016A000011124","Accommodation and food services [72]","Payroll employees","Number","223","units","0","v1446283342","1.19.2","1295160","A","","","0"
"2024-10","Canada","2016A000011124","Accommodation and food services [72]","Payroll employees","Number","223","units","0","v1446283342","1.19.2","1281220","A","","","0"
"2024-11","Canada","2016A000011124","Accommodation and food services [72]","Payroll employees","Number","223","units","0","v1446283342","1.19.2","1281425","A","","","0"
"2024-01","Canada","2016A000011124","Accommodation and food services [72]","Job vacancy rate","Percent","239","units","0","v1446283343","1.19.3","5.9","B","","","1"
"2024-02","Canada","2016A000011124","Accommodation and food services [72]","Job vacancy rate","Percent","239","units","0","v1446283343","1.19.3","5.7","B","","","1"
"2024-03","Canada","2016A000011124","Accommodation and food services [72]","Job vacancy rate","Percent","239","units","0","v1446283343","1.19.3","4.9","B","","","1"
"2024-04","Canada","2016A000011124","Accommodation and food services [72]","Job vacancy rate","Percent","239","units","0","v1446283343","1.19.3","5.2","B","","","1"
"2024-05","Canada","2016A000011124","Accommodation and food services [72]","Job vacancy rate","Percent","239","units","0","v1446283343","1.19.3","4.9","A","","","1"
"2024-06","Canada","2016A000011124","Accommodation and food services [72]","Job vacancy rate","Percent","239","units","0","v1446283343","1.19.3","4.4","B","","","1"
"2024-07","Canada","2016A000011124","Accommodation and food services [72]","Job vacancy rate","Percent","239","units","0","v1446283343","1.19.3","4.0","B","","","1"
"2024-08","Canada","2016A000011124","Accommodation and food services [72]","Job vacancy rate","Percent","239","units","0","v1446283343","1.19.3","3.9","B","","","1"
"2024-09","Canada","2016A000011124","Accommodation and food services [72]","Job vacancy rate","Percent","239","units","0","v1446283343","1.19.3","4.0","B","","","1"
"2024-10","Canada","2016A000011124","Accommodation and food services [72]","Job vacancy rate","Percent","239","units","0","v1446283343","1.19.3","4.1","B","","","1"
"2024-11","Canada","2016A000011124","Accommodation and food services [72]","Job vacancy rate","Percent","239","units","0","v1446283343","1.19.3","4.3","B","","","1"
"2024-01","Canada","2016A000011124","Other services (except public administration) [81]","Job vacancies","Number","223","units","0","v1446283344","1.20.1","31450","B","","","0"
"2024-02","Canada","2016A000011124","Other services (except public administration) [81]","Job vacancies","Number","223","units","0","v1446283344","1.20.1","30420","B","","","0"
"2024-03","Canada","2016A000011124","Other services (except public administration) [81]","Job vacancies","Number","223","units","0","v1446283344","1.20.1","28645","B","","","0"
"2024-04","Canada","2016A000011124","Other services (except public administration) [81]","Job vacancies","Number","223","units","0","v1446283344","1.20.1","28875","B","","","0"
"2024-05","Canada","2016A000011124","Other services (except public administration) [81]","Job vacancies","Number","223","units","0","v1446283344","1.20.1","27160","B","","","0"
"2024-06","Canada","2016A000011124","Other services (except public administration) [81]","Job vacancies","Number","223","units","0","v1446283344","1.20.1","21870","B","","","0"
"2024-07","Canada","2016A000011124","Other services (except public administration) [81]","Job vacancies","Number","223","units","0","v1446283344","1.20.1","22825","B","","","0"
"2024-08","Canada","2016A000011124","Other services (except public administration) [81]","Job vacancies","Number","223","units","0","v1446283344","1.20.1","26475","B","","","0"
"2024-09","Canada","2016A000011124","Other services (except public administration) [81]","Job vacancies","Number","223","units","0","v1446283344","1.20.1","26515","B","","","0"
"2024-10","Canada","2016A000011124","Other services (except public administration) [81]","Job vacancies","Number","223","units","0","v1446283344","1.20.1","22220","C","","","0"
"2024-11","Canada","2016A000011124","Other services (except public administration) [81]","Job vacancies","Number","223","units","0","v1446283344","1.20.1","24585","B","","","0"
"2024-01","Canada","2016A000011124","Other services (except public administration) [81]","Payroll employees","Number","223","units","0","v1446283345","1.20.2","569835","A","","","0"
"2024-02","Canada","2016A000011124","Other services (except public administration) [81]","Payroll employees","Number","223","units","0","v1446283345","1.20.2","574600","A","","","0"
"2024-03","Canada","2016A000011124","Other services (except public administration) [81]","Payroll employees","Number","223","units","0","v1446283345","1.20.2","573740","A","","","0"
"2024-04","Canada","2016A000011124","Other services (except public administration) [81]","Payroll employees","Number","223","units","0","v1446283345","1.20.2","574025","A","","","0"
"2024-05","Canada","2016A000011124","Other services (except public administration) [81]","Payroll employees","Number","223","units","0","v1446283345","1.20.2","576650","A","","","0"
"2024-06","Canada","2016A000011124","Other services (except public administration) [81]","Payroll employees","Number","223","units","0","v1446283345","1.20.2","577425","A","","","0"
"2024-07","Canada","2016A000011124","Other services (except public administration) [81]","Payroll employees","Number","223","units","0","v1446283345","1.20.2","574435","A","","","0"
"2024-08","Canada","2016A000011124","Other services (except public administration) [81]","Payroll employees","Number","223","units","0","v1446283345","1.20.2","577470","A","","","0"
"2024-09","Canada","2016A000011124","Other services (except public administration) [81]","Payroll employees","Number","223","units","0","v1446283345","1.20.2","577595","A","","","0"
"2024-10","Canada","2016A000011124","Other services (except public administration) [81]","Payroll employees","Number","223","units","0","v1446283345","1.20.2","572080","A","","","0"
"2024-11","Canada","2016A000011124","Other services (except public administration) [81]","Payroll employees","Number","223","units","0","v1446283345","1.20.2","572055","A","","","0"
"2024-01","Canada","2016A000011124","Other services (except public administration) [81]","Job vacancy rate","Percent","239","units","0","v1446283346","1.20.3","5.2","B","","","1"
"2024-02","Canada","2016A000011124","Other services (except public administration) [81]","Job vacancy rate","Percent","239","units","0","v1446283346","1.20.3","5.0","B","","","1"
"2024-03","Canada","2016A000011124","Other services (except public administration) [81]","Job vacancy rate","Percent","239","units","0","v1446283346","1.20.3","4.8","B","","","1"
"2024-04","Canada","2016A000011124","Other services (except public administration) [81]","Job vacancy rate","Percent","239","units","0","v1446283346","1.20.3","4.8","B","","","1"
"2024-05","Canada","2016A000011124","Other services (except public administration) [81]","Job vacancy rate","Percent","239","units","0","v1446283346","1.20.3","4.5","B","","","1"
"2024-06","Canada","2016A000011124","Other services (except public administration) [81]","Job vacancy rate","Percent","239","units","0","v1446283346","1.20.3","3.6","B","","","1"
"2024-07","Canada","2016A000011124","Other services (except public administration) [81]","Job vacancy rate","Percent","239","units","0","v1446283346","1.20.3","3.8","B","","","1"
"2024-08","Canada","2016A000011124","Other services (except public administration) [81]","Job vacancy rate","Percent","239","units","0","v1446283346","1.20.3","4.4","B","","","1"
"2024-09","Canada","2016A000011124","Other services (except public administration) [81]","Job vacancy rate","Percent","239","units","0","v1446283346","1.20.3","4.4","B","","","1"
"2024-10","Canada","2016A000011124","Other services (except public administration) [81]","Job vacancy rate","Percent","239","units","0","v1446283346","1.20.3","3.7","C","","","1"
"2024-11","Canada","2016A000011124","Other services (except public administration) [81]","Job vacancy rate","Percent","239","units","0","v1446283346","1.20.3","4.1","B","","","1"
"2024-01","Canada","2016A000011124","Public administration [91]","Job vacancies","Number","223","units","0","v1446283347","1.21.1","15105","B","","","0"
"2024-02","Canada","2016A000011124","Public administration [91]","Job vacancies","Number","223","units","0","v1446283347","1.21.1","14270","B","","","0"
"2024-03","Canada","2016A000011124","Public administration [91]","Job vacancies","Number","223","units","0","v1446283347","1.21.1","12140","B","","","0"
"2024-04","Canada","2016A000011124","Public administration [91]","Job vacancies","Number","223","units","0","v1446283347","1.21.1","14550","B","","","0"
"2024-05","Canada","2016A000011124","Public administration [91]","Job vacancies","Number","223","units","0","v1446283347","1.21.1","13370","B","","","0"
"2024-06","Canada","2016A000011124","Public administration [91]","Job vacancies","Number","223","units","0","v1446283347","1.21.1","13555","B","","","0"
"2024-07","Canada","2016A000011124","Public administration [91]","Job vacancies","Number","223","units","0","v1446283347","1.21.1","15245","B","","","0"
"2024-08","Canada","2016A000011124","Public administration [91]","Job vacancies","Number","223","units","0","v1446283347","1.21.1","13605","B","","","0"
"2024-09","Canada","2016A000011124","Public administration [91]","Job vacancies","Number","223","units","0","v1446283347","1.21.1","13430","B","","","0"
"2024-10","Canada","2016A000011124","Public administration [91]","Job vacancies","Number","223","units","0","v1446283347","1.21.1","14650","B","","","0"
"2024-11","Canada","2016A000011124","Public administration [91]","Job vacancies","Number","223","units","0","v1446283347","1.21.1","12740","C","","","0"
"2024-01","Canada","2016A000011124","Public administration [91]","Payroll employees","Number","223","units","0","v1446283348","1.21.2","563965","A","","","0"
"2024-02","Canada","2016A000011124","Public administration [91]","Payroll employees","Number","223","units","0","v1446283348","1.21.2","566085","A","","","0"
"2024-03","Canada","2016A000011124","Public administration [91]","Payroll employees","Number","223","units","0","v1446283348","1.21.2","569535","A","","","0"
"2024-04","Canada","2016A000011124","Public administration [91]","Payroll employees","Number","223","units","0","v1446283348","1.21.2","568180","A","","","0"
"2024-05","Canada","2016A000011124","Public administration [91]","Payroll employees","Number","223","units","0","v1446283348","1.21.2","571745","A","","","0"
"2024-06","Canada","2016A000011124","Public administration [91]","Payroll employees","Number","223","units","0","v1446283348","1.21.2","564810","A","","","0"
"2024-07","Canada","2016A000011124","Public administration [91]","Payroll employees","Number","223","units","0","v1446283348","1.21.2","566325","A","","","0"
"2024-08","Canada","2016A000011124","Public administration [91]","Payroll employees","Number","223","units","0","v1446283348","1.21.2","574700","A","","","0"
"2024-09","Canada","2016A000011124","Public administration [91]","Payroll employees","Number","223","units","0","v1446283348","1.21.2","579990","A","","","0"
"2024-10","Canada","2016A000011124","Public administration [91]","Payroll employees","Number","223","units","0","v1446283348","1.21.2","575435","A","","","0"
"2024-11","Canada","2016A000011124","Public administration [91]","Payroll employees","Number","223","units","0","v1446283348","1.21.2","580580","A","","","0"
"2024-01","Canada","2016A000011124","Public administration [91]","Job vacancy rate","Percent","239","units","0","v1446283349","1.21.3","2.6","B","","","1"
"2024-02","Canada","2016A000011124","Public administration [91]","Job vacancy rate","Percent","239","units","0","v1446283349","1.21.3","2.5","B","","","1"
"2024-03","Canada","2016A000011124","Public administration [91]","Job vacancy rate","Percent","239","units","0","v1446283349","1.21.3","2.1","B","","","1"
"2024-04","Canada","2016A000011124","Public administration [91]","Job vacancy rate","Percent","239","units","0","v1446283349","1.21.3","2.5","B","","","1"
"2024-05","Canada","2016A000011124","Public administration [91]","Job vacancy rate","Percent","239","units","0","v1446283349","1.21.3","2.3","C","","","1"
"2024-06","Canada","2016A000011124","Public administration [91]","Job vacancy rate","Percent","239","units","0","v1446283349","1.21.3","2.3","B","","","1"
"2024-07","Canada","2016A000011124","Public administration [91]","Job vacancy rate","Percent","239","units","0","v1446283349","1.21.3","2.6","B","","","1"
"2024-08","Canada","2016A000011124","Public administration [91]","Job vacancy rate","Percent","239","units","0","v1446283349","1.21.3","2.3","B","","","1"
"2024-09","Canada","2016A000011124","Public administration [91]","Job vacancy rate","Percent","239","units","0","v1446283349","1.21.3","2.3","B","","","1"
"2024-10","Canada","2016A000011124","Public administration [91]","Job vacancy rate","Percent","239","units","0","v1446283349","1.21.3","2.5","B","","","1"
"2024-11","Canada","2016A000011124","Public administration [91]","Job vacancy rate","Percent","239","units","0","v1446283349","1.21.3","2.1","C","","","1"


